[2026-04-18 09:29:46] production.ERROR: Symfony\Component\HttpFoundation\Request::create(): Argument #1 ($uri) must be of type string, null given, called in D:\wamp64\www\v12\stackposts\release\stackposts-installer-20260418\vendor\laravel\framework\src\Illuminate\Foundation\Bootstrap\SetRequestForConsole.php on line 31 {"exception":"[object] (TypeError(code: 0): Symfony\\Component\\HttpFoundation\\Request::create(): Argument #1 ($uri) must be of type string, null given, called in D:\\wamp64\\www\\v12\\stackposts\\release\\stackposts-installer-20260418\\vendor\\laravel\\framework\\src\\Illuminate\\Foundation\\Bootstrap\\SetRequestForConsole.php on line 31 at D:/wamp64/www/v12/stackposts/release/stackposts-installer-20260418/vendor/symfony/http-foundation/Request.php:330)
[stacktrace]
#0 D:/wamp64/www/v12/stackposts/release/stackposts-installer-20260418/vendor/laravel/framework/src/Illuminate/Foundation/Bootstrap/SetRequestForConsole.php(31): Symfony/Component/HttpFoundation/Request::create(NULL, 'GET', Array, Array, Array, Array)
#1 D:/wamp64/www/v12/stackposts/release/stackposts-installer-20260418/vendor/laravel/framework/src/Illuminate/Foundation/Application.php(342): Illuminate/Foundation/Bootstrap/SetRequestForConsole->bootstrap(Object(Illuminate/Foundation/Application))
#2 D:/wamp64/www/v12/stackposts/release/stackposts-installer-20260418/vendor/laravel/framework/src/Illuminate/Foundation/Console/Kernel.php(494): Illuminate/Foundation/Application->bootstrapWith(Array)
#3 D:/wamp64/www/v12/stackposts/release/stackposts-installer-20260418/vendor/laravel/framework/src/Illuminate/Foundation/Console/Kernel.php(196): Illuminate/Foundation/Console/Kernel->bootstrap()
#4 D:/wamp64/www/v12/stackposts/release/stackposts-installer-20260418/vendor/laravel/framework/src/Illuminate/Foundation/Application.php(1235): Illuminate/Foundation/Console/Kernel->handle(Object(Symfony/Component/Console/Input/ArgvInput), Object(Symfony/Component/Console/Output/ConsoleOutput))
#5 D:/wamp64/www/v12/stackposts/release/stackposts-installer-20260418/artisan(16): Illuminate/Foundation/Application->handleCommand(Object(Symfony/Component/Console/Input/ArgvInput))
#6 {main}
"} 
[2026-04-18 09:35:20] production.ERROR: Symfony\Component\HttpFoundation\InputBag::get(): Argument #1 ($key) must be of type string, null given, called in D:\wamp64\www\v12\stackposts\release\stackposts-installer-20260418\vendor\laravel\framework\src\Illuminate\Session\Middleware\StartSession.php on line 159 {"exception":"[object] (TypeError(code: 0): Symfony\\Component\\HttpFoundation\\InputBag::get(): Argument #1 ($key) must be of type string, null given, called in D:\\wamp64\\www\\v12\\stackposts\\release\\stackposts-installer-20260418\\vendor\\laravel\\framework\\src\\Illuminate\\Session\\Middleware\\StartSession.php on line 159 at D:/wamp64/www/v12/stackposts/release/stackposts-installer-20260418/vendor/symfony/http-foundation/InputBag.php:37)
[stacktrace]
#0 D:/wamp64/www/v12/stackposts/release/stackposts-installer-20260418/vendor/laravel/framework/src/Illuminate/Session/Middleware/StartSession.php(159): Symfony/Component/HttpFoundation/InputBag->get(NULL)
#1 D:/wamp64/www/v12/stackposts/release/stackposts-installer-20260418/vendor/laravel/framework/src/Illuminate/Support/helpers.php(393): Illuminate/Session/Middleware/StartSession->Illuminate/Session/Middleware/{closure}(Object(Illuminate/Session/Store))
#2 D:/wamp64/www/v12/stackposts/release/stackposts-installer-20260418/vendor/laravel/framework/src/Illuminate/Session/Middleware/StartSession.php(158): tap(Object(Illuminate/Session/Store), Object(Closure))
#3 D:/wamp64/www/v12/stackposts/release/stackposts-installer-20260418/vendor/laravel/framework/src/Illuminate/Session/Middleware/StartSession.php(56): Illuminate/Session/Middleware/StartSession->getSession(Object(Illuminate/Http/Request))
#4 D:/wamp64/www/v12/stackposts/release/stackposts-installer-20260418/vendor/laravel/framework/src/Illuminate/Pipeline/Pipeline.php(219): Illuminate/Session/Middleware/StartSession->handle(Object(Illuminate/Http/Request), Object(Closure))
#5 D:/wamp64/www/v12/stackposts/release/stackposts-installer-20260418/vendor/laravel/framework/src/Illuminate/Cookie/Middleware/AddQueuedCookiesToResponse.php(36): Illuminate/Pipeline/Pipeline->Illuminate/Pipeline/{closure}(Object(Illuminate/Http/Request))
#6 D:/wamp64/www/v12/stackposts/release/stackposts-installer-20260418/vendor/laravel/framework/src/Illuminate/Pipeline/Pipeline.php(219): Illuminate/Cookie/Middleware/AddQueuedCookiesToResponse->handle(Object(Illuminate/Http/Request), Object(Closure))
#7 D:/wamp64/www/v12/stackposts/release/stackposts-installer-20260418/vendor/laravel/framework/src/Illuminate/Cookie/Middleware/EncryptCookies.php(74): Illuminate/Pipeline/Pipeline->Illuminate/Pipeline/{closure}(Object(Illuminate/Http/Request))
#8 D:/wamp64/www/v12/stackposts/release/stackposts-installer-20260418/vendor/laravel/framework/src/Illuminate/Pipeline/Pipeline.php(219): Illuminate/Cookie/Middleware/EncryptCookies->handle(Object(Illuminate/Http/Request), Object(Closure))
#9 D:/wamp64/www/v12/stackposts/release/stackposts-installer-20260418/app/Installer/Http/Middleware/PrepareInstallation.php(29): Illuminate/Pipeline/Pipeline->Illuminate/Pipeline/{closure}(Object(Illuminate/Http/Request))
#10 D:/wamp64/www/v12/stackposts/release/stackposts-installer-20260418/vendor/laravel/framework/src/Illuminate/Pipeline/Pipeline.php(219): App/Installer/Http/Middleware/PrepareInstallation->handle(Object(Illuminate/Http/Request), Object(Closure))
#11 D:/wamp64/www/v12/stackposts/release/stackposts-installer-20260418/vendor/laravel/framework/src/Illuminate/Pipeline/Pipeline.php(137): Illuminate/Pipeline/Pipeline->Illuminate/Pipeline/{closure}(Object(Illuminate/Http/Request))
#12 D:/wamp64/www/v12/stackposts/release/stackposts-installer-20260418/vendor/laravel/framework/src/Illuminate/Routing/Router.php(821): Illuminate/Pipeline/Pipeline->then(Object(Closure))
#13 D:/wamp64/www/v12/stackposts/release/stackposts-installer-20260418/vendor/laravel/framework/src/Illuminate/Routing/Router.php(800): Illuminate/Routing/Router->runRouteWithinStack(Object(Illuminate/Routing/Route), Object(Illuminate/Http/Request))
#14 D:/wamp64/www/v12/stackposts/release/stackposts-installer-20260418/vendor/laravel/framework/src/Illuminate/Routing/Router.php(764): Illuminate/Routing/Router->runRoute(Object(Illuminate/Http/Request), Object(Illuminate/Routing/Route))
#15 D:/wamp64/www/v12/stackposts/release/stackposts-installer-20260418/vendor/laravel/framework/src/Illuminate/Routing/Router.php(753): Illuminate/Routing/Router->dispatchToRoute(Object(Illuminate/Http/Request))
#16 D:/wamp64/www/v12/stackposts/release/stackposts-installer-20260418/vendor/laravel/framework/src/Illuminate/Foundation/Http/Kernel.php(200): Illuminate/Routing/Router->dispatch(Object(Illuminate/Http/Request))
#17 D:/wamp64/www/v12/stackposts/release/stackposts-installer-20260418/vendor/laravel/framework/src/Illuminate/Pipeline/Pipeline.php(180): Illuminate/Foundation/Http/Kernel->Illuminate/Foundation/Http/{closure}(Object(Illuminate/Http/Request))
#18 D:/wamp64/www/v12/stackposts/release/stackposts-installer-20260418/vendor/livewire/livewire/src/Features/SupportDisablingBackButtonCache/DisableBackButtonCacheMiddleware.php(19): Illuminate/Pipeline/Pipeline->Illuminate/Pipeline/{closure}(Object(Illuminate/Http/Request))
#19 D:/wamp64/www/v12/stackposts/release/stackposts-installer-20260418/vendor/laravel/framework/src/Illuminate/Pipeline/Pipeline.php(219): Livewire/Features/SupportDisablingBackButtonCache/DisableBackButtonCacheMiddleware->handle(Object(Illuminate/Http/Request), Object(Closure))
#20 D:/wamp64/www/v12/stackposts/release/stackposts-installer-20260418/vendor/laravel/framework/src/Illuminate/Foundation/Http/Middleware/TransformsRequest.php(21): Illuminate/Pipeline/Pipeline->Illuminate/Pipeline/{closure}(Object(Illuminate/Http/Request))
#21 D:/wamp64/www/v12/stackposts/release/stackposts-installer-20260418/vendor/laravel/framework/src/Illuminate/Foundation/Http/Middleware/ConvertEmptyStringsToNull.php(31): Illuminate/Foundation/Http/Middleware/TransformsRequest->handle(Object(Illuminate/Http/Request), Object(Closure))
#22 D:/wamp64/www/v12/stackposts/release/stackposts-installer-20260418/vendor/laravel/framework/src/Illuminate/Pipeline/Pipeline.php(219): Illuminate/Foundation/Http/Middleware/ConvertEmptyStringsToNull->handle(Object(Illuminate/Http/Request), Object(Closure))
#23 D:/wamp64/www/v12/stackposts/release/stackposts-installer-20260418/vendor/laravel/framework/src/Illuminate/Foundation/Http/Middleware/TransformsRequest.php(21): Illuminate/Pipeline/Pipeline->Illuminate/Pipeline/{closure}(Object(Illuminate/Http/Request))
#24 D:/wamp64/www/v12/stackposts/release/stackposts-installer-20260418/vendor/laravel/framework/src/Illuminate/Foundation/Http/Middleware/TrimStrings.php(51): Illuminate/Foundation/Http/Middleware/TransformsRequest->handle(Object(Illuminate/Http/Request), Object(Closure))
#25 D:/wamp64/www/v12/stackposts/release/stackposts-installer-20260418/vendor/laravel/framework/src/Illuminate/Pipeline/Pipeline.php(219): Illuminate/Foundation/Http/Middleware/TrimStrings->handle(Object(Illuminate/Http/Request), Object(Closure))
#26 D:/wamp64/www/v12/stackposts/release/stackposts-installer-20260418/vendor/laravel/framework/src/Illuminate/Http/Middleware/ValidatePostSize.php(27): Illuminate/Pipeline/Pipeline->Illuminate/Pipeline/{closure}(Object(Illuminate/Http/Request))
#27 D:/wamp64/www/v12/stackposts/release/stackposts-installer-20260418/vendor/laravel/framework/src/Illuminate/Pipeline/Pipeline.php(219): Illuminate/Http/Middleware/ValidatePostSize->handle(Object(Illuminate/Http/Request), Object(Closure))
#28 D:/wamp64/www/v12/stackposts/release/stackposts-installer-20260418/vendor/laravel/framework/src/Illuminate/Foundation/Http/Middleware/PreventRequestsDuringMaintenance.php(109): Illuminate/Pipeline/Pipeline->Illuminate/Pipeline/{closure}(Object(Illuminate/Http/Request))
#29 D:/wamp64/www/v12/stackposts/release/stackposts-installer-20260418/vendor/laravel/framework/src/Illuminate/Pipeline/Pipeline.php(219): Illuminate/Foundation/Http/Middleware/PreventRequestsDuringMaintenance->handle(Object(Illuminate/Http/Request), Object(Closure))
#30 D:/wamp64/www/v12/stackposts/release/stackposts-installer-20260418/vendor/laravel/framework/src/Illuminate/Http/Middleware/HandleCors.php(61): Illuminate/Pipeline/Pipeline->Illuminate/Pipeline/{closure}(Object(Illuminate/Http/Request))
#31 D:/wamp64/www/v12/stackposts/release/stackposts-installer-20260418/vendor/laravel/framework/src/Illuminate/Pipeline/Pipeline.php(219): Illuminate/Http/Middleware/HandleCors->handle(Object(Illuminate/Http/Request), Object(Closure))
#32 D:/wamp64/www/v12/stackposts/release/stackposts-installer-20260418/vendor/laravel/framework/src/Illuminate/Http/Middleware/TrustProxies.php(58): Illuminate/Pipeline/Pipeline->Illuminate/Pipeline/{closure}(Object(Illuminate/Http/Request))
#33 D:/wamp64/www/v12/stackposts/release/stackposts-installer-20260418/vendor/laravel/framework/src/Illuminate/Pipeline/Pipeline.php(219): Illuminate/Http/Middleware/TrustProxies->handle(Object(Illuminate/Http/Request), Object(Closure))
#34 D:/wamp64/www/v12/stackposts/release/stackposts-installer-20260418/vendor/laravel/framework/src/Illuminate/Foundation/Http/Middleware/InvokeDeferredCallbacks.php(22): Illuminate/Pipeline/Pipeline->Illuminate/Pipeline/{closure}(Object(Illuminate/Http/Request))
#35 D:/wamp64/www/v12/stackposts/release/stackposts-installer-20260418/vendor/laravel/framework/src/Illuminate/Pipeline/Pipeline.php(219): Illuminate/Foundation/Http/Middleware/InvokeDeferredCallbacks->handle(Object(Illuminate/Http/Request), Object(Closure))
#36 D:/wamp64/www/v12/stackposts/release/stackposts-installer-20260418/vendor/laravel/framework/src/Illuminate/Http/Middleware/ValidatePathEncoding.php(28): Illuminate/Pipeline/Pipeline->Illuminate/Pipeline/{closure}(Object(Illuminate/Http/Request))
#37 D:/wamp64/www/v12/stackposts/release/stackposts-installer-20260418/vendor/laravel/framework/src/Illuminate/Pipeline/Pipeline.php(219): Illuminate/Http/Middleware/ValidatePathEncoding->handle(Object(Illuminate/Http/Request), Object(Closure))
#38 D:/wamp64/www/v12/stackposts/release/stackposts-installer-20260418/vendor/laravel/framework/src/Illuminate/Pipeline/Pipeline.php(137): Illuminate/Pipeline/Pipeline->Illuminate/Pipeline/{closure}(Object(Illuminate/Http/Request))
#39 D:/wamp64/www/v12/stackposts/release/stackposts-installer-20260418/vendor/laravel/framework/src/Illuminate/Foundation/Http/Kernel.php(175): Illuminate/Pipeline/Pipeline->then(Object(Closure))
#40 D:/wamp64/www/v12/stackposts/release/stackposts-installer-20260418/vendor/laravel/framework/src/Illuminate/Foundation/Http/Kernel.php(144): Illuminate/Foundation/Http/Kernel->sendRequestThroughRouter(Object(Illuminate/Http/Request))
#41 D:/wamp64/www/v12/stackposts/release/stackposts-installer-20260418/vendor/laravel/framework/src/Illuminate/Foundation/Application.php(1220): Illuminate/Foundation/Http/Kernel->handle(Object(Illuminate/Http/Request))
#42 D:/wamp64/www/v12/stackposts/release/stackposts-installer-20260418/index.php(17): Illuminate/Foundation/Application->handleRequest(Object(Illuminate/Http/Request))
#43 {main}
"} 
[2026-04-18 09:35:23] production.ERROR: Symfony\Component\HttpFoundation\InputBag::get(): Argument #1 ($key) must be of type string, null given, called in D:\wamp64\www\v12\stackposts\release\stackposts-installer-20260418\vendor\laravel\framework\src\Illuminate\Session\Middleware\StartSession.php on line 159 {"exception":"[object] (TypeError(code: 0): Symfony\\Component\\HttpFoundation\\InputBag::get(): Argument #1 ($key) must be of type string, null given, called in D:\\wamp64\\www\\v12\\stackposts\\release\\stackposts-installer-20260418\\vendor\\laravel\\framework\\src\\Illuminate\\Session\\Middleware\\StartSession.php on line 159 at D:/wamp64/www/v12/stackposts/release/stackposts-installer-20260418/vendor/symfony/http-foundation/InputBag.php:37)
[stacktrace]
#0 D:/wamp64/www/v12/stackposts/release/stackposts-installer-20260418/vendor/laravel/framework/src/Illuminate/Session/Middleware/StartSession.php(159): Symfony/Component/HttpFoundation/InputBag->get(NULL)
#1 D:/wamp64/www/v12/stackposts/release/stackposts-installer-20260418/vendor/laravel/framework/src/Illuminate/Support/helpers.php(393): Illuminate/Session/Middleware/StartSession->Illuminate/Session/Middleware/{closure}(Object(Illuminate/Session/Store))
#2 D:/wamp64/www/v12/stackposts/release/stackposts-installer-20260418/vendor/laravel/framework/src/Illuminate/Session/Middleware/StartSession.php(158): tap(Object(Illuminate/Session/Store), Object(Closure))
#3 D:/wamp64/www/v12/stackposts/release/stackposts-installer-20260418/vendor/laravel/framework/src/Illuminate/Session/Middleware/StartSession.php(56): Illuminate/Session/Middleware/StartSession->getSession(Object(Illuminate/Http/Request))
#4 D:/wamp64/www/v12/stackposts/release/stackposts-installer-20260418/vendor/laravel/framework/src/Illuminate/Pipeline/Pipeline.php(219): Illuminate/Session/Middleware/StartSession->handle(Object(Illuminate/Http/Request), Object(Closure))
#5 D:/wamp64/www/v12/stackposts/release/stackposts-installer-20260418/vendor/laravel/framework/src/Illuminate/Cookie/Middleware/AddQueuedCookiesToResponse.php(36): Illuminate/Pipeline/Pipeline->Illuminate/Pipeline/{closure}(Object(Illuminate/Http/Request))
#6 D:/wamp64/www/v12/stackposts/release/stackposts-installer-20260418/vendor/laravel/framework/src/Illuminate/Pipeline/Pipeline.php(219): Illuminate/Cookie/Middleware/AddQueuedCookiesToResponse->handle(Object(Illuminate/Http/Request), Object(Closure))
#7 D:/wamp64/www/v12/stackposts/release/stackposts-installer-20260418/vendor/laravel/framework/src/Illuminate/Cookie/Middleware/EncryptCookies.php(74): Illuminate/Pipeline/Pipeline->Illuminate/Pipeline/{closure}(Object(Illuminate/Http/Request))
#8 D:/wamp64/www/v12/stackposts/release/stackposts-installer-20260418/vendor/laravel/framework/src/Illuminate/Pipeline/Pipeline.php(219): Illuminate/Cookie/Middleware/EncryptCookies->handle(Object(Illuminate/Http/Request), Object(Closure))
#9 D:/wamp64/www/v12/stackposts/release/stackposts-installer-20260418/app/Installer/Http/Middleware/PrepareInstallation.php(29): Illuminate/Pipeline/Pipeline->Illuminate/Pipeline/{closure}(Object(Illuminate/Http/Request))
#10 D:/wamp64/www/v12/stackposts/release/stackposts-installer-20260418/vendor/laravel/framework/src/Illuminate/Pipeline/Pipeline.php(219): App/Installer/Http/Middleware/PrepareInstallation->handle(Object(Illuminate/Http/Request), Object(Closure))
#11 D:/wamp64/www/v12/stackposts/release/stackposts-installer-20260418/vendor/laravel/framework/src/Illuminate/Pipeline/Pipeline.php(137): Illuminate/Pipeline/Pipeline->Illuminate/Pipeline/{closure}(Object(Illuminate/Http/Request))
#12 D:/wamp64/www/v12/stackposts/release/stackposts-installer-20260418/vendor/laravel/framework/src/Illuminate/Routing/Router.php(821): Illuminate/Pipeline/Pipeline->then(Object(Closure))
#13 D:/wamp64/www/v12/stackposts/release/stackposts-installer-20260418/vendor/laravel/framework/src/Illuminate/Routing/Router.php(800): Illuminate/Routing/Router->runRouteWithinStack(Object(Illuminate/Routing/Route), Object(Illuminate/Http/Request))
#14 D:/wamp64/www/v12/stackposts/release/stackposts-installer-20260418/vendor/laravel/framework/src/Illuminate/Routing/Router.php(764): Illuminate/Routing/Router->runRoute(Object(Illuminate/Http/Request), Object(Illuminate/Routing/Route))
#15 D:/wamp64/www/v12/stackposts/release/stackposts-installer-20260418/vendor/laravel/framework/src/Illuminate/Routing/Router.php(753): Illuminate/Routing/Router->dispatchToRoute(Object(Illuminate/Http/Request))
#16 D:/wamp64/www/v12/stackposts/release/stackposts-installer-20260418/vendor/laravel/framework/src/Illuminate/Foundation/Http/Kernel.php(200): Illuminate/Routing/Router->dispatch(Object(Illuminate/Http/Request))
#17 D:/wamp64/www/v12/stackposts/release/stackposts-installer-20260418/vendor/laravel/framework/src/Illuminate/Pipeline/Pipeline.php(180): Illuminate/Foundation/Http/Kernel->Illuminate/Foundation/Http/{closure}(Object(Illuminate/Http/Request))
#18 D:/wamp64/www/v12/stackposts/release/stackposts-installer-20260418/vendor/livewire/livewire/src/Features/SupportDisablingBackButtonCache/DisableBackButtonCacheMiddleware.php(19): Illuminate/Pipeline/Pipeline->Illuminate/Pipeline/{closure}(Object(Illuminate/Http/Request))
#19 D:/wamp64/www/v12/stackposts/release/stackposts-installer-20260418/vendor/laravel/framework/src/Illuminate/Pipeline/Pipeline.php(219): Livewire/Features/SupportDisablingBackButtonCache/DisableBackButtonCacheMiddleware->handle(Object(Illuminate/Http/Request), Object(Closure))
#20 D:/wamp64/www/v12/stackposts/release/stackposts-installer-20260418/vendor/laravel/framework/src/Illuminate/Foundation/Http/Middleware/TransformsRequest.php(21): Illuminate/Pipeline/Pipeline->Illuminate/Pipeline/{closure}(Object(Illuminate/Http/Request))
#21 D:/wamp64/www/v12/stackposts/release/stackposts-installer-20260418/vendor/laravel/framework/src/Illuminate/Foundation/Http/Middleware/ConvertEmptyStringsToNull.php(31): Illuminate/Foundation/Http/Middleware/TransformsRequest->handle(Object(Illuminate/Http/Request), Object(Closure))
#22 D:/wamp64/www/v12/stackposts/release/stackposts-installer-20260418/vendor/laravel/framework/src/Illuminate/Pipeline/Pipeline.php(219): Illuminate/Foundation/Http/Middleware/ConvertEmptyStringsToNull->handle(Object(Illuminate/Http/Request), Object(Closure))
#23 D:/wamp64/www/v12/stackposts/release/stackposts-installer-20260418/vendor/laravel/framework/src/Illuminate/Foundation/Http/Middleware/TransformsRequest.php(21): Illuminate/Pipeline/Pipeline->Illuminate/Pipeline/{closure}(Object(Illuminate/Http/Request))
#24 D:/wamp64/www/v12/stackposts/release/stackposts-installer-20260418/vendor/laravel/framework/src/Illuminate/Foundation/Http/Middleware/TrimStrings.php(51): Illuminate/Foundation/Http/Middleware/TransformsRequest->handle(Object(Illuminate/Http/Request), Object(Closure))
#25 D:/wamp64/www/v12/stackposts/release/stackposts-installer-20260418/vendor/laravel/framework/src/Illuminate/Pipeline/Pipeline.php(219): Illuminate/Foundation/Http/Middleware/TrimStrings->handle(Object(Illuminate/Http/Request), Object(Closure))
#26 D:/wamp64/www/v12/stackposts/release/stackposts-installer-20260418/vendor/laravel/framework/src/Illuminate/Http/Middleware/ValidatePostSize.php(27): Illuminate/Pipeline/Pipeline->Illuminate/Pipeline/{closure}(Object(Illuminate/Http/Request))
#27 D:/wamp64/www/v12/stackposts/release/stackposts-installer-20260418/vendor/laravel/framework/src/Illuminate/Pipeline/Pipeline.php(219): Illuminate/Http/Middleware/ValidatePostSize->handle(Object(Illuminate/Http/Request), Object(Closure))
#28 D:/wamp64/www/v12/stackposts/release/stackposts-installer-20260418/vendor/laravel/framework/src/Illuminate/Foundation/Http/Middleware/PreventRequestsDuringMaintenance.php(109): Illuminate/Pipeline/Pipeline->Illuminate/Pipeline/{closure}(Object(Illuminate/Http/Request))
#29 D:/wamp64/www/v12/stackposts/release/stackposts-installer-20260418/vendor/laravel/framework/src/Illuminate/Pipeline/Pipeline.php(219): Illuminate/Foundation/Http/Middleware/PreventRequestsDuringMaintenance->handle(Object(Illuminate/Http/Request), Object(Closure))
#30 D:/wamp64/www/v12/stackposts/release/stackposts-installer-20260418/vendor/laravel/framework/src/Illuminate/Http/Middleware/HandleCors.php(61): Illuminate/Pipeline/Pipeline->Illuminate/Pipeline/{closure}(Object(Illuminate/Http/Request))
#31 D:/wamp64/www/v12/stackposts/release/stackposts-installer-20260418/vendor/laravel/framework/src/Illuminate/Pipeline/Pipeline.php(219): Illuminate/Http/Middleware/HandleCors->handle(Object(Illuminate/Http/Request), Object(Closure))
#32 D:/wamp64/www/v12/stackposts/release/stackposts-installer-20260418/vendor/laravel/framework/src/Illuminate/Http/Middleware/TrustProxies.php(58): Illuminate/Pipeline/Pipeline->Illuminate/Pipeline/{closure}(Object(Illuminate/Http/Request))
#33 D:/wamp64/www/v12/stackposts/release/stackposts-installer-20260418/vendor/laravel/framework/src/Illuminate/Pipeline/Pipeline.php(219): Illuminate/Http/Middleware/TrustProxies->handle(Object(Illuminate/Http/Request), Object(Closure))
#34 D:/wamp64/www/v12/stackposts/release/stackposts-installer-20260418/vendor/laravel/framework/src/Illuminate/Foundation/Http/Middleware/InvokeDeferredCallbacks.php(22): Illuminate/Pipeline/Pipeline->Illuminate/Pipeline/{closure}(Object(Illuminate/Http/Request))
#35 D:/wamp64/www/v12/stackposts/release/stackposts-installer-20260418/vendor/laravel/framework/src/Illuminate/Pipeline/Pipeline.php(219): Illuminate/Foundation/Http/Middleware/InvokeDeferredCallbacks->handle(Object(Illuminate/Http/Request), Object(Closure))
#36 D:/wamp64/www/v12/stackposts/release/stackposts-installer-20260418/vendor/laravel/framework/src/Illuminate/Http/Middleware/ValidatePathEncoding.php(28): Illuminate/Pipeline/Pipeline->Illuminate/Pipeline/{closure}(Object(Illuminate/Http/Request))
#37 D:/wamp64/www/v12/stackposts/release/stackposts-installer-20260418/vendor/laravel/framework/src/Illuminate/Pipeline/Pipeline.php(219): Illuminate/Http/Middleware/ValidatePathEncoding->handle(Object(Illuminate/Http/Request), Object(Closure))
#38 D:/wamp64/www/v12/stackposts/release/stackposts-installer-20260418/vendor/laravel/framework/src/Illuminate/Pipeline/Pipeline.php(137): Illuminate/Pipeline/Pipeline->Illuminate/Pipeline/{closure}(Object(Illuminate/Http/Request))
#39 D:/wamp64/www/v12/stackposts/release/stackposts-installer-20260418/vendor/laravel/framework/src/Illuminate/Foundation/Http/Kernel.php(175): Illuminate/Pipeline/Pipeline->then(Object(Closure))
#40 D:/wamp64/www/v12/stackposts/release/stackposts-installer-20260418/vendor/laravel/framework/src/Illuminate/Foundation/Http/Kernel.php(144): Illuminate/Foundation/Http/Kernel->sendRequestThroughRouter(Object(Illuminate/Http/Request))
#41 D:/wamp64/www/v12/stackposts/release/stackposts-installer-20260418/vendor/laravel/framework/src/Illuminate/Foundation/Application.php(1220): Illuminate/Foundation/Http/Kernel->handle(Object(Illuminate/Http/Request))
#42 D:/wamp64/www/v12/stackposts/release/stackposts-installer-20260418/index.php(17): Illuminate/Foundation/Application->handleRequest(Object(Illuminate/Http/Request))
#43 {main}
"} 
[2026-04-18 09:35:26] production.ERROR: Symfony\Component\HttpFoundation\InputBag::get(): Argument #1 ($key) must be of type string, null given, called in D:\wamp64\www\v12\stackposts\release\stackposts-installer-20260418\vendor\laravel\framework\src\Illuminate\Session\Middleware\StartSession.php on line 159 {"exception":"[object] (TypeError(code: 0): Symfony\\Component\\HttpFoundation\\InputBag::get(): Argument #1 ($key) must be of type string, null given, called in D:\\wamp64\\www\\v12\\stackposts\\release\\stackposts-installer-20260418\\vendor\\laravel\\framework\\src\\Illuminate\\Session\\Middleware\\StartSession.php on line 159 at D:/wamp64/www/v12/stackposts/release/stackposts-installer-20260418/vendor/symfony/http-foundation/InputBag.php:37)
[stacktrace]
#0 D:/wamp64/www/v12/stackposts/release/stackposts-installer-20260418/vendor/laravel/framework/src/Illuminate/Session/Middleware/StartSession.php(159): Symfony/Component/HttpFoundation/InputBag->get(NULL)
#1 D:/wamp64/www/v12/stackposts/release/stackposts-installer-20260418/vendor/laravel/framework/src/Illuminate/Support/helpers.php(393): Illuminate/Session/Middleware/StartSession->Illuminate/Session/Middleware/{closure}(Object(Illuminate/Session/Store))
#2 D:/wamp64/www/v12/stackposts/release/stackposts-installer-20260418/vendor/laravel/framework/src/Illuminate/Session/Middleware/StartSession.php(158): tap(Object(Illuminate/Session/Store), Object(Closure))
#3 D:/wamp64/www/v12/stackposts/release/stackposts-installer-20260418/vendor/laravel/framework/src/Illuminate/Session/Middleware/StartSession.php(56): Illuminate/Session/Middleware/StartSession->getSession(Object(Illuminate/Http/Request))
#4 D:/wamp64/www/v12/stackposts/release/stackposts-installer-20260418/vendor/laravel/framework/src/Illuminate/Pipeline/Pipeline.php(219): Illuminate/Session/Middleware/StartSession->handle(Object(Illuminate/Http/Request), Object(Closure))
#5 D:/wamp64/www/v12/stackposts/release/stackposts-installer-20260418/vendor/laravel/framework/src/Illuminate/Cookie/Middleware/AddQueuedCookiesToResponse.php(36): Illuminate/Pipeline/Pipeline->Illuminate/Pipeline/{closure}(Object(Illuminate/Http/Request))
#6 D:/wamp64/www/v12/stackposts/release/stackposts-installer-20260418/vendor/laravel/framework/src/Illuminate/Pipeline/Pipeline.php(219): Illuminate/Cookie/Middleware/AddQueuedCookiesToResponse->handle(Object(Illuminate/Http/Request), Object(Closure))
#7 D:/wamp64/www/v12/stackposts/release/stackposts-installer-20260418/vendor/laravel/framework/src/Illuminate/Cookie/Middleware/EncryptCookies.php(74): Illuminate/Pipeline/Pipeline->Illuminate/Pipeline/{closure}(Object(Illuminate/Http/Request))
#8 D:/wamp64/www/v12/stackposts/release/stackposts-installer-20260418/vendor/laravel/framework/src/Illuminate/Pipeline/Pipeline.php(219): Illuminate/Cookie/Middleware/EncryptCookies->handle(Object(Illuminate/Http/Request), Object(Closure))
#9 D:/wamp64/www/v12/stackposts/release/stackposts-installer-20260418/app/Installer/Http/Middleware/PrepareInstallation.php(29): Illuminate/Pipeline/Pipeline->Illuminate/Pipeline/{closure}(Object(Illuminate/Http/Request))
#10 D:/wamp64/www/v12/stackposts/release/stackposts-installer-20260418/vendor/laravel/framework/src/Illuminate/Pipeline/Pipeline.php(219): App/Installer/Http/Middleware/PrepareInstallation->handle(Object(Illuminate/Http/Request), Object(Closure))
#11 D:/wamp64/www/v12/stackposts/release/stackposts-installer-20260418/vendor/laravel/framework/src/Illuminate/Pipeline/Pipeline.php(137): Illuminate/Pipeline/Pipeline->Illuminate/Pipeline/{closure}(Object(Illuminate/Http/Request))
#12 D:/wamp64/www/v12/stackposts/release/stackposts-installer-20260418/vendor/laravel/framework/src/Illuminate/Routing/Router.php(821): Illuminate/Pipeline/Pipeline->then(Object(Closure))
#13 D:/wamp64/www/v12/stackposts/release/stackposts-installer-20260418/vendor/laravel/framework/src/Illuminate/Routing/Router.php(800): Illuminate/Routing/Router->runRouteWithinStack(Object(Illuminate/Routing/Route), Object(Illuminate/Http/Request))
#14 D:/wamp64/www/v12/stackposts/release/stackposts-installer-20260418/vendor/laravel/framework/src/Illuminate/Routing/Router.php(764): Illuminate/Routing/Router->runRoute(Object(Illuminate/Http/Request), Object(Illuminate/Routing/Route))
#15 D:/wamp64/www/v12/stackposts/release/stackposts-installer-20260418/vendor/laravel/framework/src/Illuminate/Routing/Router.php(753): Illuminate/Routing/Router->dispatchToRoute(Object(Illuminate/Http/Request))
#16 D:/wamp64/www/v12/stackposts/release/stackposts-installer-20260418/vendor/laravel/framework/src/Illuminate/Foundation/Http/Kernel.php(200): Illuminate/Routing/Router->dispatch(Object(Illuminate/Http/Request))
#17 D:/wamp64/www/v12/stackposts/release/stackposts-installer-20260418/vendor/laravel/framework/src/Illuminate/Pipeline/Pipeline.php(180): Illuminate/Foundation/Http/Kernel->Illuminate/Foundation/Http/{closure}(Object(Illuminate/Http/Request))
#18 D:/wamp64/www/v12/stackposts/release/stackposts-installer-20260418/vendor/livewire/livewire/src/Features/SupportDisablingBackButtonCache/DisableBackButtonCacheMiddleware.php(19): Illuminate/Pipeline/Pipeline->Illuminate/Pipeline/{closure}(Object(Illuminate/Http/Request))
#19 D:/wamp64/www/v12/stackposts/release/stackposts-installer-20260418/vendor/laravel/framework/src/Illuminate/Pipeline/Pipeline.php(219): Livewire/Features/SupportDisablingBackButtonCache/DisableBackButtonCacheMiddleware->handle(Object(Illuminate/Http/Request), Object(Closure))
#20 D:/wamp64/www/v12/stackposts/release/stackposts-installer-20260418/vendor/laravel/framework/src/Illuminate/Foundation/Http/Middleware/TransformsRequest.php(21): Illuminate/Pipeline/Pipeline->Illuminate/Pipeline/{closure}(Object(Illuminate/Http/Request))
#21 D:/wamp64/www/v12/stackposts/release/stackposts-installer-20260418/vendor/laravel/framework/src/Illuminate/Foundation/Http/Middleware/ConvertEmptyStringsToNull.php(31): Illuminate/Foundation/Http/Middleware/TransformsRequest->handle(Object(Illuminate/Http/Request), Object(Closure))
#22 D:/wamp64/www/v12/stackposts/release/stackposts-installer-20260418/vendor/laravel/framework/src/Illuminate/Pipeline/Pipeline.php(219): Illuminate/Foundation/Http/Middleware/ConvertEmptyStringsToNull->handle(Object(Illuminate/Http/Request), Object(Closure))
#23 D:/wamp64/www/v12/stackposts/release/stackposts-installer-20260418/vendor/laravel/framework/src/Illuminate/Foundation/Http/Middleware/TransformsRequest.php(21): Illuminate/Pipeline/Pipeline->Illuminate/Pipeline/{closure}(Object(Illuminate/Http/Request))
#24 D:/wamp64/www/v12/stackposts/release/stackposts-installer-20260418/vendor/laravel/framework/src/Illuminate/Foundation/Http/Middleware/TrimStrings.php(51): Illuminate/Foundation/Http/Middleware/TransformsRequest->handle(Object(Illuminate/Http/Request), Object(Closure))
#25 D:/wamp64/www/v12/stackposts/release/stackposts-installer-20260418/vendor/laravel/framework/src/Illuminate/Pipeline/Pipeline.php(219): Illuminate/Foundation/Http/Middleware/TrimStrings->handle(Object(Illuminate/Http/Request), Object(Closure))
#26 D:/wamp64/www/v12/stackposts/release/stackposts-installer-20260418/vendor/laravel/framework/src/Illuminate/Http/Middleware/ValidatePostSize.php(27): Illuminate/Pipeline/Pipeline->Illuminate/Pipeline/{closure}(Object(Illuminate/Http/Request))
#27 D:/wamp64/www/v12/stackposts/release/stackposts-installer-20260418/vendor/laravel/framework/src/Illuminate/Pipeline/Pipeline.php(219): Illuminate/Http/Middleware/ValidatePostSize->handle(Object(Illuminate/Http/Request), Object(Closure))
#28 D:/wamp64/www/v12/stackposts/release/stackposts-installer-20260418/vendor/laravel/framework/src/Illuminate/Foundation/Http/Middleware/PreventRequestsDuringMaintenance.php(109): Illuminate/Pipeline/Pipeline->Illuminate/Pipeline/{closure}(Object(Illuminate/Http/Request))
#29 D:/wamp64/www/v12/stackposts/release/stackposts-installer-20260418/vendor/laravel/framework/src/Illuminate/Pipeline/Pipeline.php(219): Illuminate/Foundation/Http/Middleware/PreventRequestsDuringMaintenance->handle(Object(Illuminate/Http/Request), Object(Closure))
#30 D:/wamp64/www/v12/stackposts/release/stackposts-installer-20260418/vendor/laravel/framework/src/Illuminate/Http/Middleware/HandleCors.php(61): Illuminate/Pipeline/Pipeline->Illuminate/Pipeline/{closure}(Object(Illuminate/Http/Request))
#31 D:/wamp64/www/v12/stackposts/release/stackposts-installer-20260418/vendor/laravel/framework/src/Illuminate/Pipeline/Pipeline.php(219): Illuminate/Http/Middleware/HandleCors->handle(Object(Illuminate/Http/Request), Object(Closure))
#32 D:/wamp64/www/v12/stackposts/release/stackposts-installer-20260418/vendor/laravel/framework/src/Illuminate/Http/Middleware/TrustProxies.php(58): Illuminate/Pipeline/Pipeline->Illuminate/Pipeline/{closure}(Object(Illuminate/Http/Request))
#33 D:/wamp64/www/v12/stackposts/release/stackposts-installer-20260418/vendor/laravel/framework/src/Illuminate/Pipeline/Pipeline.php(219): Illuminate/Http/Middleware/TrustProxies->handle(Object(Illuminate/Http/Request), Object(Closure))
#34 D:/wamp64/www/v12/stackposts/release/stackposts-installer-20260418/vendor/laravel/framework/src/Illuminate/Foundation/Http/Middleware/InvokeDeferredCallbacks.php(22): Illuminate/Pipeline/Pipeline->Illuminate/Pipeline/{closure}(Object(Illuminate/Http/Request))
#35 D:/wamp64/www/v12/stackposts/release/stackposts-installer-20260418/vendor/laravel/framework/src/Illuminate/Pipeline/Pipeline.php(219): Illuminate/Foundation/Http/Middleware/InvokeDeferredCallbacks->handle(Object(Illuminate/Http/Request), Object(Closure))
#36 D:/wamp64/www/v12/stackposts/release/stackposts-installer-20260418/vendor/laravel/framework/src/Illuminate/Http/Middleware/ValidatePathEncoding.php(28): Illuminate/Pipeline/Pipeline->Illuminate/Pipeline/{closure}(Object(Illuminate/Http/Request))
#37 D:/wamp64/www/v12/stackposts/release/stackposts-installer-20260418/vendor/laravel/framework/src/Illuminate/Pipeline/Pipeline.php(219): Illuminate/Http/Middleware/ValidatePathEncoding->handle(Object(Illuminate/Http/Request), Object(Closure))
#38 D:/wamp64/www/v12/stackposts/release/stackposts-installer-20260418/vendor/laravel/framework/src/Illuminate/Pipeline/Pipeline.php(137): Illuminate/Pipeline/Pipeline->Illuminate/Pipeline/{closure}(Object(Illuminate/Http/Request))
#39 D:/wamp64/www/v12/stackposts/release/stackposts-installer-20260418/vendor/laravel/framework/src/Illuminate/Foundation/Http/Kernel.php(175): Illuminate/Pipeline/Pipeline->then(Object(Closure))
#40 D:/wamp64/www/v12/stackposts/release/stackposts-installer-20260418/vendor/laravel/framework/src/Illuminate/Foundation/Http/Kernel.php(144): Illuminate/Foundation/Http/Kernel->sendRequestThroughRouter(Object(Illuminate/Http/Request))
#41 D:/wamp64/www/v12/stackposts/release/stackposts-installer-20260418/vendor/laravel/framework/src/Illuminate/Foundation/Application.php(1220): Illuminate/Foundation/Http/Kernel->handle(Object(Illuminate/Http/Request))
#42 D:/wamp64/www/v12/stackposts/release/stackposts-installer-20260418/index.php(17): Illuminate/Foundation/Application->handleRequest(Object(Illuminate/Http/Request))
#43 {main}
"} 
[2026-04-18 09:35:28] production.ERROR: Symfony\Component\HttpFoundation\InputBag::get(): Argument #1 ($key) must be of type string, null given, called in D:\wamp64\www\v12\stackposts\release\stackposts-installer-20260418\vendor\laravel\framework\src\Illuminate\Session\Middleware\StartSession.php on line 159 {"exception":"[object] (TypeError(code: 0): Symfony\\Component\\HttpFoundation\\InputBag::get(): Argument #1 ($key) must be of type string, null given, called in D:\\wamp64\\www\\v12\\stackposts\\release\\stackposts-installer-20260418\\vendor\\laravel\\framework\\src\\Illuminate\\Session\\Middleware\\StartSession.php on line 159 at D:/wamp64/www/v12/stackposts/release/stackposts-installer-20260418/vendor/symfony/http-foundation/InputBag.php:37)
[stacktrace]
#0 D:/wamp64/www/v12/stackposts/release/stackposts-installer-20260418/vendor/laravel/framework/src/Illuminate/Session/Middleware/StartSession.php(159): Symfony/Component/HttpFoundation/InputBag->get(NULL)
#1 D:/wamp64/www/v12/stackposts/release/stackposts-installer-20260418/vendor/laravel/framework/src/Illuminate/Support/helpers.php(393): Illuminate/Session/Middleware/StartSession->Illuminate/Session/Middleware/{closure}(Object(Illuminate/Session/Store))
#2 D:/wamp64/www/v12/stackposts/release/stackposts-installer-20260418/vendor/laravel/framework/src/Illuminate/Session/Middleware/StartSession.php(158): tap(Object(Illuminate/Session/Store), Object(Closure))
#3 D:/wamp64/www/v12/stackposts/release/stackposts-installer-20260418/vendor/laravel/framework/src/Illuminate/Session/Middleware/StartSession.php(56): Illuminate/Session/Middleware/StartSession->getSession(Object(Illuminate/Http/Request))
#4 D:/wamp64/www/v12/stackposts/release/stackposts-installer-20260418/vendor/laravel/framework/src/Illuminate/Pipeline/Pipeline.php(219): Illuminate/Session/Middleware/StartSession->handle(Object(Illuminate/Http/Request), Object(Closure))
#5 D:/wamp64/www/v12/stackposts/release/stackposts-installer-20260418/vendor/laravel/framework/src/Illuminate/Cookie/Middleware/AddQueuedCookiesToResponse.php(36): Illuminate/Pipeline/Pipeline->Illuminate/Pipeline/{closure}(Object(Illuminate/Http/Request))
#6 D:/wamp64/www/v12/stackposts/release/stackposts-installer-20260418/vendor/laravel/framework/src/Illuminate/Pipeline/Pipeline.php(219): Illuminate/Cookie/Middleware/AddQueuedCookiesToResponse->handle(Object(Illuminate/Http/Request), Object(Closure))
#7 D:/wamp64/www/v12/stackposts/release/stackposts-installer-20260418/vendor/laravel/framework/src/Illuminate/Cookie/Middleware/EncryptCookies.php(74): Illuminate/Pipeline/Pipeline->Illuminate/Pipeline/{closure}(Object(Illuminate/Http/Request))
#8 D:/wamp64/www/v12/stackposts/release/stackposts-installer-20260418/vendor/laravel/framework/src/Illuminate/Pipeline/Pipeline.php(219): Illuminate/Cookie/Middleware/EncryptCookies->handle(Object(Illuminate/Http/Request), Object(Closure))
#9 D:/wamp64/www/v12/stackposts/release/stackposts-installer-20260418/app/Installer/Http/Middleware/PrepareInstallation.php(29): Illuminate/Pipeline/Pipeline->Illuminate/Pipeline/{closure}(Object(Illuminate/Http/Request))
#10 D:/wamp64/www/v12/stackposts/release/stackposts-installer-20260418/vendor/laravel/framework/src/Illuminate/Pipeline/Pipeline.php(219): App/Installer/Http/Middleware/PrepareInstallation->handle(Object(Illuminate/Http/Request), Object(Closure))
#11 D:/wamp64/www/v12/stackposts/release/stackposts-installer-20260418/vendor/laravel/framework/src/Illuminate/Pipeline/Pipeline.php(137): Illuminate/Pipeline/Pipeline->Illuminate/Pipeline/{closure}(Object(Illuminate/Http/Request))
#12 D:/wamp64/www/v12/stackposts/release/stackposts-installer-20260418/vendor/laravel/framework/src/Illuminate/Routing/Router.php(821): Illuminate/Pipeline/Pipeline->then(Object(Closure))
#13 D:/wamp64/www/v12/stackposts/release/stackposts-installer-20260418/vendor/laravel/framework/src/Illuminate/Routing/Router.php(800): Illuminate/Routing/Router->runRouteWithinStack(Object(Illuminate/Routing/Route), Object(Illuminate/Http/Request))
#14 D:/wamp64/www/v12/stackposts/release/stackposts-installer-20260418/vendor/laravel/framework/src/Illuminate/Routing/Router.php(764): Illuminate/Routing/Router->runRoute(Object(Illuminate/Http/Request), Object(Illuminate/Routing/Route))
#15 D:/wamp64/www/v12/stackposts/release/stackposts-installer-20260418/vendor/laravel/framework/src/Illuminate/Routing/Router.php(753): Illuminate/Routing/Router->dispatchToRoute(Object(Illuminate/Http/Request))
#16 D:/wamp64/www/v12/stackposts/release/stackposts-installer-20260418/vendor/laravel/framework/src/Illuminate/Foundation/Http/Kernel.php(200): Illuminate/Routing/Router->dispatch(Object(Illuminate/Http/Request))
#17 D:/wamp64/www/v12/stackposts/release/stackposts-installer-20260418/vendor/laravel/framework/src/Illuminate/Pipeline/Pipeline.php(180): Illuminate/Foundation/Http/Kernel->Illuminate/Foundation/Http/{closure}(Object(Illuminate/Http/Request))
#18 D:/wamp64/www/v12/stackposts/release/stackposts-installer-20260418/vendor/livewire/livewire/src/Features/SupportDisablingBackButtonCache/DisableBackButtonCacheMiddleware.php(19): Illuminate/Pipeline/Pipeline->Illuminate/Pipeline/{closure}(Object(Illuminate/Http/Request))
#19 D:/wamp64/www/v12/stackposts/release/stackposts-installer-20260418/vendor/laravel/framework/src/Illuminate/Pipeline/Pipeline.php(219): Livewire/Features/SupportDisablingBackButtonCache/DisableBackButtonCacheMiddleware->handle(Object(Illuminate/Http/Request), Object(Closure))
#20 D:/wamp64/www/v12/stackposts/release/stackposts-installer-20260418/vendor/laravel/framework/src/Illuminate/Foundation/Http/Middleware/TransformsRequest.php(21): Illuminate/Pipeline/Pipeline->Illuminate/Pipeline/{closure}(Object(Illuminate/Http/Request))
#21 D:/wamp64/www/v12/stackposts/release/stackposts-installer-20260418/vendor/laravel/framework/src/Illuminate/Foundation/Http/Middleware/ConvertEmptyStringsToNull.php(31): Illuminate/Foundation/Http/Middleware/TransformsRequest->handle(Object(Illuminate/Http/Request), Object(Closure))
#22 D:/wamp64/www/v12/stackposts/release/stackposts-installer-20260418/vendor/laravel/framework/src/Illuminate/Pipeline/Pipeline.php(219): Illuminate/Foundation/Http/Middleware/ConvertEmptyStringsToNull->handle(Object(Illuminate/Http/Request), Object(Closure))
#23 D:/wamp64/www/v12/stackposts/release/stackposts-installer-20260418/vendor/laravel/framework/src/Illuminate/Foundation/Http/Middleware/TransformsRequest.php(21): Illuminate/Pipeline/Pipeline->Illuminate/Pipeline/{closure}(Object(Illuminate/Http/Request))
#24 D:/wamp64/www/v12/stackposts/release/stackposts-installer-20260418/vendor/laravel/framework/src/Illuminate/Foundation/Http/Middleware/TrimStrings.php(51): Illuminate/Foundation/Http/Middleware/TransformsRequest->handle(Object(Illuminate/Http/Request), Object(Closure))
#25 D:/wamp64/www/v12/stackposts/release/stackposts-installer-20260418/vendor/laravel/framework/src/Illuminate/Pipeline/Pipeline.php(219): Illuminate/Foundation/Http/Middleware/TrimStrings->handle(Object(Illuminate/Http/Request), Object(Closure))
#26 D:/wamp64/www/v12/stackposts/release/stackposts-installer-20260418/vendor/laravel/framework/src/Illuminate/Http/Middleware/ValidatePostSize.php(27): Illuminate/Pipeline/Pipeline->Illuminate/Pipeline/{closure}(Object(Illuminate/Http/Request))
#27 D:/wamp64/www/v12/stackposts/release/stackposts-installer-20260418/vendor/laravel/framework/src/Illuminate/Pipeline/Pipeline.php(219): Illuminate/Http/Middleware/ValidatePostSize->handle(Object(Illuminate/Http/Request), Object(Closure))
#28 D:/wamp64/www/v12/stackposts/release/stackposts-installer-20260418/vendor/laravel/framework/src/Illuminate/Foundation/Http/Middleware/PreventRequestsDuringMaintenance.php(109): Illuminate/Pipeline/Pipeline->Illuminate/Pipeline/{closure}(Object(Illuminate/Http/Request))
#29 D:/wamp64/www/v12/stackposts/release/stackposts-installer-20260418/vendor/laravel/framework/src/Illuminate/Pipeline/Pipeline.php(219): Illuminate/Foundation/Http/Middleware/PreventRequestsDuringMaintenance->handle(Object(Illuminate/Http/Request), Object(Closure))
#30 D:/wamp64/www/v12/stackposts/release/stackposts-installer-20260418/vendor/laravel/framework/src/Illuminate/Http/Middleware/HandleCors.php(61): Illuminate/Pipeline/Pipeline->Illuminate/Pipeline/{closure}(Object(Illuminate/Http/Request))
#31 D:/wamp64/www/v12/stackposts/release/stackposts-installer-20260418/vendor/laravel/framework/src/Illuminate/Pipeline/Pipeline.php(219): Illuminate/Http/Middleware/HandleCors->handle(Object(Illuminate/Http/Request), Object(Closure))
#32 D:/wamp64/www/v12/stackposts/release/stackposts-installer-20260418/vendor/laravel/framework/src/Illuminate/Http/Middleware/TrustProxies.php(58): Illuminate/Pipeline/Pipeline->Illuminate/Pipeline/{closure}(Object(Illuminate/Http/Request))
#33 D:/wamp64/www/v12/stackposts/release/stackposts-installer-20260418/vendor/laravel/framework/src/Illuminate/Pipeline/Pipeline.php(219): Illuminate/Http/Middleware/TrustProxies->handle(Object(Illuminate/Http/Request), Object(Closure))
#34 D:/wamp64/www/v12/stackposts/release/stackposts-installer-20260418/vendor/laravel/framework/src/Illuminate/Foundation/Http/Middleware/InvokeDeferredCallbacks.php(22): Illuminate/Pipeline/Pipeline->Illuminate/Pipeline/{closure}(Object(Illuminate/Http/Request))
#35 D:/wamp64/www/v12/stackposts/release/stackposts-installer-20260418/vendor/laravel/framework/src/Illuminate/Pipeline/Pipeline.php(219): Illuminate/Foundation/Http/Middleware/InvokeDeferredCallbacks->handle(Object(Illuminate/Http/Request), Object(Closure))
#36 D:/wamp64/www/v12/stackposts/release/stackposts-installer-20260418/vendor/laravel/framework/src/Illuminate/Http/Middleware/ValidatePathEncoding.php(28): Illuminate/Pipeline/Pipeline->Illuminate/Pipeline/{closure}(Object(Illuminate/Http/Request))
#37 D:/wamp64/www/v12/stackposts/release/stackposts-installer-20260418/vendor/laravel/framework/src/Illuminate/Pipeline/Pipeline.php(219): Illuminate/Http/Middleware/ValidatePathEncoding->handle(Object(Illuminate/Http/Request), Object(Closure))
#38 D:/wamp64/www/v12/stackposts/release/stackposts-installer-20260418/vendor/laravel/framework/src/Illuminate/Pipeline/Pipeline.php(137): Illuminate/Pipeline/Pipeline->Illuminate/Pipeline/{closure}(Object(Illuminate/Http/Request))
#39 D:/wamp64/www/v12/stackposts/release/stackposts-installer-20260418/vendor/laravel/framework/src/Illuminate/Foundation/Http/Kernel.php(175): Illuminate/Pipeline/Pipeline->then(Object(Closure))
#40 D:/wamp64/www/v12/stackposts/release/stackposts-installer-20260418/vendor/laravel/framework/src/Illuminate/Foundation/Http/Kernel.php(144): Illuminate/Foundation/Http/Kernel->sendRequestThroughRouter(Object(Illuminate/Http/Request))
#41 D:/wamp64/www/v12/stackposts/release/stackposts-installer-20260418/vendor/laravel/framework/src/Illuminate/Foundation/Application.php(1220): Illuminate/Foundation/Http/Kernel->handle(Object(Illuminate/Http/Request))
#42 D:/wamp64/www/v12/stackposts/release/stackposts-installer-20260418/index.php(17): Illuminate/Foundation/Application->handleRequest(Object(Illuminate/Http/Request))
#43 {main}
"} 
[2026-04-18 09:35:29] production.ERROR: Symfony\Component\HttpFoundation\InputBag::get(): Argument #1 ($key) must be of type string, null given, called in D:\wamp64\www\v12\stackposts\release\stackposts-installer-20260418\vendor\laravel\framework\src\Illuminate\Session\Middleware\StartSession.php on line 159 {"exception":"[object] (TypeError(code: 0): Symfony\\Component\\HttpFoundation\\InputBag::get(): Argument #1 ($key) must be of type string, null given, called in D:\\wamp64\\www\\v12\\stackposts\\release\\stackposts-installer-20260418\\vendor\\laravel\\framework\\src\\Illuminate\\Session\\Middleware\\StartSession.php on line 159 at D:/wamp64/www/v12/stackposts/release/stackposts-installer-20260418/vendor/symfony/http-foundation/InputBag.php:37)
[stacktrace]
#0 D:/wamp64/www/v12/stackposts/release/stackposts-installer-20260418/vendor/laravel/framework/src/Illuminate/Session/Middleware/StartSession.php(159): Symfony/Component/HttpFoundation/InputBag->get(NULL)
#1 D:/wamp64/www/v12/stackposts/release/stackposts-installer-20260418/vendor/laravel/framework/src/Illuminate/Support/helpers.php(393): Illuminate/Session/Middleware/StartSession->Illuminate/Session/Middleware/{closure}(Object(Illuminate/Session/Store))
#2 D:/wamp64/www/v12/stackposts/release/stackposts-installer-20260418/vendor/laravel/framework/src/Illuminate/Session/Middleware/StartSession.php(158): tap(Object(Illuminate/Session/Store), Object(Closure))
#3 D:/wamp64/www/v12/stackposts/release/stackposts-installer-20260418/vendor/laravel/framework/src/Illuminate/Session/Middleware/StartSession.php(56): Illuminate/Session/Middleware/StartSession->getSession(Object(Illuminate/Http/Request))
#4 D:/wamp64/www/v12/stackposts/release/stackposts-installer-20260418/vendor/laravel/framework/src/Illuminate/Pipeline/Pipeline.php(219): Illuminate/Session/Middleware/StartSession->handle(Object(Illuminate/Http/Request), Object(Closure))
#5 D:/wamp64/www/v12/stackposts/release/stackposts-installer-20260418/vendor/laravel/framework/src/Illuminate/Cookie/Middleware/AddQueuedCookiesToResponse.php(36): Illuminate/Pipeline/Pipeline->Illuminate/Pipeline/{closure}(Object(Illuminate/Http/Request))
#6 D:/wamp64/www/v12/stackposts/release/stackposts-installer-20260418/vendor/laravel/framework/src/Illuminate/Pipeline/Pipeline.php(219): Illuminate/Cookie/Middleware/AddQueuedCookiesToResponse->handle(Object(Illuminate/Http/Request), Object(Closure))
#7 D:/wamp64/www/v12/stackposts/release/stackposts-installer-20260418/vendor/laravel/framework/src/Illuminate/Cookie/Middleware/EncryptCookies.php(74): Illuminate/Pipeline/Pipeline->Illuminate/Pipeline/{closure}(Object(Illuminate/Http/Request))
#8 D:/wamp64/www/v12/stackposts/release/stackposts-installer-20260418/vendor/laravel/framework/src/Illuminate/Pipeline/Pipeline.php(219): Illuminate/Cookie/Middleware/EncryptCookies->handle(Object(Illuminate/Http/Request), Object(Closure))
#9 D:/wamp64/www/v12/stackposts/release/stackposts-installer-20260418/app/Installer/Http/Middleware/PrepareInstallation.php(29): Illuminate/Pipeline/Pipeline->Illuminate/Pipeline/{closure}(Object(Illuminate/Http/Request))
#10 D:/wamp64/www/v12/stackposts/release/stackposts-installer-20260418/vendor/laravel/framework/src/Illuminate/Pipeline/Pipeline.php(219): App/Installer/Http/Middleware/PrepareInstallation->handle(Object(Illuminate/Http/Request), Object(Closure))
#11 D:/wamp64/www/v12/stackposts/release/stackposts-installer-20260418/vendor/laravel/framework/src/Illuminate/Pipeline/Pipeline.php(137): Illuminate/Pipeline/Pipeline->Illuminate/Pipeline/{closure}(Object(Illuminate/Http/Request))
#12 D:/wamp64/www/v12/stackposts/release/stackposts-installer-20260418/vendor/laravel/framework/src/Illuminate/Routing/Router.php(821): Illuminate/Pipeline/Pipeline->then(Object(Closure))
#13 D:/wamp64/www/v12/stackposts/release/stackposts-installer-20260418/vendor/laravel/framework/src/Illuminate/Routing/Router.php(800): Illuminate/Routing/Router->runRouteWithinStack(Object(Illuminate/Routing/Route), Object(Illuminate/Http/Request))
#14 D:/wamp64/www/v12/stackposts/release/stackposts-installer-20260418/vendor/laravel/framework/src/Illuminate/Routing/Router.php(764): Illuminate/Routing/Router->runRoute(Object(Illuminate/Http/Request), Object(Illuminate/Routing/Route))
#15 D:/wamp64/www/v12/stackposts/release/stackposts-installer-20260418/vendor/laravel/framework/src/Illuminate/Routing/Router.php(753): Illuminate/Routing/Router->dispatchToRoute(Object(Illuminate/Http/Request))
#16 D:/wamp64/www/v12/stackposts/release/stackposts-installer-20260418/vendor/laravel/framework/src/Illuminate/Foundation/Http/Kernel.php(200): Illuminate/Routing/Router->dispatch(Object(Illuminate/Http/Request))
#17 D:/wamp64/www/v12/stackposts/release/stackposts-installer-20260418/vendor/laravel/framework/src/Illuminate/Pipeline/Pipeline.php(180): Illuminate/Foundation/Http/Kernel->Illuminate/Foundation/Http/{closure}(Object(Illuminate/Http/Request))
#18 D:/wamp64/www/v12/stackposts/release/stackposts-installer-20260418/vendor/livewire/livewire/src/Features/SupportDisablingBackButtonCache/DisableBackButtonCacheMiddleware.php(19): Illuminate/Pipeline/Pipeline->Illuminate/Pipeline/{closure}(Object(Illuminate/Http/Request))
#19 D:/wamp64/www/v12/stackposts/release/stackposts-installer-20260418/vendor/laravel/framework/src/Illuminate/Pipeline/Pipeline.php(219): Livewire/Features/SupportDisablingBackButtonCache/DisableBackButtonCacheMiddleware->handle(Object(Illuminate/Http/Request), Object(Closure))
#20 D:/wamp64/www/v12/stackposts/release/stackposts-installer-20260418/vendor/laravel/framework/src/Illuminate/Foundation/Http/Middleware/TransformsRequest.php(21): Illuminate/Pipeline/Pipeline->Illuminate/Pipeline/{closure}(Object(Illuminate/Http/Request))
#21 D:/wamp64/www/v12/stackposts/release/stackposts-installer-20260418/vendor/laravel/framework/src/Illuminate/Foundation/Http/Middleware/ConvertEmptyStringsToNull.php(31): Illuminate/Foundation/Http/Middleware/TransformsRequest->handle(Object(Illuminate/Http/Request), Object(Closure))
#22 D:/wamp64/www/v12/stackposts/release/stackposts-installer-20260418/vendor/laravel/framework/src/Illuminate/Pipeline/Pipeline.php(219): Illuminate/Foundation/Http/Middleware/ConvertEmptyStringsToNull->handle(Object(Illuminate/Http/Request), Object(Closure))
#23 D:/wamp64/www/v12/stackposts/release/stackposts-installer-20260418/vendor/laravel/framework/src/Illuminate/Foundation/Http/Middleware/TransformsRequest.php(21): Illuminate/Pipeline/Pipeline->Illuminate/Pipeline/{closure}(Object(Illuminate/Http/Request))
#24 D:/wamp64/www/v12/stackposts/release/stackposts-installer-20260418/vendor/laravel/framework/src/Illuminate/Foundation/Http/Middleware/TrimStrings.php(51): Illuminate/Foundation/Http/Middleware/TransformsRequest->handle(Object(Illuminate/Http/Request), Object(Closure))
#25 D:/wamp64/www/v12/stackposts/release/stackposts-installer-20260418/vendor/laravel/framework/src/Illuminate/Pipeline/Pipeline.php(219): Illuminate/Foundation/Http/Middleware/TrimStrings->handle(Object(Illuminate/Http/Request), Object(Closure))
#26 D:/wamp64/www/v12/stackposts/release/stackposts-installer-20260418/vendor/laravel/framework/src/Illuminate/Http/Middleware/ValidatePostSize.php(27): Illuminate/Pipeline/Pipeline->Illuminate/Pipeline/{closure}(Object(Illuminate/Http/Request))
#27 D:/wamp64/www/v12/stackposts/release/stackposts-installer-20260418/vendor/laravel/framework/src/Illuminate/Pipeline/Pipeline.php(219): Illuminate/Http/Middleware/ValidatePostSize->handle(Object(Illuminate/Http/Request), Object(Closure))
#28 D:/wamp64/www/v12/stackposts/release/stackposts-installer-20260418/vendor/laravel/framework/src/Illuminate/Foundation/Http/Middleware/PreventRequestsDuringMaintenance.php(109): Illuminate/Pipeline/Pipeline->Illuminate/Pipeline/{closure}(Object(Illuminate/Http/Request))
#29 D:/wamp64/www/v12/stackposts/release/stackposts-installer-20260418/vendor/laravel/framework/src/Illuminate/Pipeline/Pipeline.php(219): Illuminate/Foundation/Http/Middleware/PreventRequestsDuringMaintenance->handle(Object(Illuminate/Http/Request), Object(Closure))
#30 D:/wamp64/www/v12/stackposts/release/stackposts-installer-20260418/vendor/laravel/framework/src/Illuminate/Http/Middleware/HandleCors.php(61): Illuminate/Pipeline/Pipeline->Illuminate/Pipeline/{closure}(Object(Illuminate/Http/Request))
#31 D:/wamp64/www/v12/stackposts/release/stackposts-installer-20260418/vendor/laravel/framework/src/Illuminate/Pipeline/Pipeline.php(219): Illuminate/Http/Middleware/HandleCors->handle(Object(Illuminate/Http/Request), Object(Closure))
#32 D:/wamp64/www/v12/stackposts/release/stackposts-installer-20260418/vendor/laravel/framework/src/Illuminate/Http/Middleware/TrustProxies.php(58): Illuminate/Pipeline/Pipeline->Illuminate/Pipeline/{closure}(Object(Illuminate/Http/Request))
#33 D:/wamp64/www/v12/stackposts/release/stackposts-installer-20260418/vendor/laravel/framework/src/Illuminate/Pipeline/Pipeline.php(219): Illuminate/Http/Middleware/TrustProxies->handle(Object(Illuminate/Http/Request), Object(Closure))
#34 D:/wamp64/www/v12/stackposts/release/stackposts-installer-20260418/vendor/laravel/framework/src/Illuminate/Foundation/Http/Middleware/InvokeDeferredCallbacks.php(22): Illuminate/Pipeline/Pipeline->Illuminate/Pipeline/{closure}(Object(Illuminate/Http/Request))
#35 D:/wamp64/www/v12/stackposts/release/stackposts-installer-20260418/vendor/laravel/framework/src/Illuminate/Pipeline/Pipeline.php(219): Illuminate/Foundation/Http/Middleware/InvokeDeferredCallbacks->handle(Object(Illuminate/Http/Request), Object(Closure))
#36 D:/wamp64/www/v12/stackposts/release/stackposts-installer-20260418/vendor/laravel/framework/src/Illuminate/Http/Middleware/ValidatePathEncoding.php(28): Illuminate/Pipeline/Pipeline->Illuminate/Pipeline/{closure}(Object(Illuminate/Http/Request))
#37 D:/wamp64/www/v12/stackposts/release/stackposts-installer-20260418/vendor/laravel/framework/src/Illuminate/Pipeline/Pipeline.php(219): Illuminate/Http/Middleware/ValidatePathEncoding->handle(Object(Illuminate/Http/Request), Object(Closure))
#38 D:/wamp64/www/v12/stackposts/release/stackposts-installer-20260418/vendor/laravel/framework/src/Illuminate/Pipeline/Pipeline.php(137): Illuminate/Pipeline/Pipeline->Illuminate/Pipeline/{closure}(Object(Illuminate/Http/Request))
#39 D:/wamp64/www/v12/stackposts/release/stackposts-installer-20260418/vendor/laravel/framework/src/Illuminate/Foundation/Http/Kernel.php(175): Illuminate/Pipeline/Pipeline->then(Object(Closure))
#40 D:/wamp64/www/v12/stackposts/release/stackposts-installer-20260418/vendor/laravel/framework/src/Illuminate/Foundation/Http/Kernel.php(144): Illuminate/Foundation/Http/Kernel->sendRequestThroughRouter(Object(Illuminate/Http/Request))
#41 D:/wamp64/www/v12/stackposts/release/stackposts-installer-20260418/vendor/laravel/framework/src/Illuminate/Foundation/Application.php(1220): Illuminate/Foundation/Http/Kernel->handle(Object(Illuminate/Http/Request))
#42 D:/wamp64/www/v12/stackposts/release/stackposts-installer-20260418/index.php(17): Illuminate/Foundation/Application->handleRequest(Object(Illuminate/Http/Request))
#43 {main}
"} 
[2026-05-27 05:26:50] production.ERROR: Call to undefined function Illuminate\Support\mb_split() {"exception":"[object] (Error(code: 0): Call to undefined function Illuminate\\Support\\mb_split() at C:/Users/officialum1 llc/Downloads/codecanyon-stackposts-social-marketing-tool-v10.0.0-untouched/vendor/laravel/framework/src/Illuminate/Support/Str.php:1722)
[stacktrace]
#0 C:/Users/officialum1 llc/Downloads/codecanyon-stackposts-social-marketing-tool-v10.0.0-untouched/vendor/laravel/framework/src/Illuminate/Support/Manager.php(98): Illuminate/Support/Str::studly('file')
#1 C:/Users/officialum1 llc/Downloads/codecanyon-stackposts-social-marketing-tool-v10.0.0-untouched/vendor/laravel/framework/src/Illuminate/Support/Manager.php(78): Illuminate/Support/Manager->createDriver('file')
#2 C:/Users/officialum1 llc/Downloads/codecanyon-stackposts-social-marketing-tool-v10.0.0-untouched/vendor/laravel/framework/src/Illuminate/Session/SessionServiceProvider.php(52): Illuminate/Support/Manager->driver()
#3 C:/Users/officialum1 llc/Downloads/codecanyon-stackposts-social-marketing-tool-v10.0.0-untouched/vendor/laravel/framework/src/Illuminate/Container/Container.php(1118): Illuminate/Session/SessionServiceProvider->Illuminate/Session/{closure}(Object(Illuminate/Foundation/Application), Array)
#4 C:/Users/officialum1 llc/Downloads/codecanyon-stackposts-social-marketing-tool-v10.0.0-untouched/vendor/laravel/framework/src/Illuminate/Container/Container.php(936): Illuminate/Container/Container->build(Object(Closure))
#5 C:/Users/officialum1 llc/Downloads/codecanyon-stackposts-social-marketing-tool-v10.0.0-untouched/vendor/laravel/framework/src/Illuminate/Foundation/Application.php(1078): Illuminate/Container/Container->resolve('session.store', Array, true)
#6 C:/Users/officialum1 llc/Downloads/codecanyon-stackposts-social-marketing-tool-v10.0.0-untouched/vendor/laravel/framework/src/Illuminate/Container/Container.php(864): Illuminate/Foundation/Application->resolve('session.store', Array)
#7 C:/Users/officialum1 llc/Downloads/codecanyon-stackposts-social-marketing-tool-v10.0.0-untouched/vendor/laravel/framework/src/Illuminate/Foundation/Application.php(1058): Illuminate/Container/Container->make('session.store', Array)
#8 C:/Users/officialum1 llc/Downloads/codecanyon-stackposts-social-marketing-tool-v10.0.0-untouched/vendor/laravel/framework/src/Illuminate/Container/Container.php(1810): Illuminate/Foundation/Application->make('session.store')
#9 C:/Users/officialum1 llc/Downloads/codecanyon-stackposts-social-marketing-tool-v10.0.0-untouched/vendor/laravel/framework/src/Illuminate/Auth/AuthManager.php(127): Illuminate/Container/Container->offsetGet('session.store')
#10 C:/Users/officialum1 llc/Downloads/codecanyon-stackposts-social-marketing-tool-v10.0.0-untouched/vendor/laravel/framework/src/Illuminate/Auth/AuthManager.php(95): Illuminate/Auth/AuthManager->createSessionDriver('web', Array)
#11 C:/Users/officialum1 llc/Downloads/codecanyon-stackposts-social-marketing-tool-v10.0.0-untouched/vendor/laravel/framework/src/Illuminate/Auth/AuthManager.php(69): Illuminate/Auth/AuthManager->resolve('web')
#12 C:/Users/officialum1 llc/Downloads/codecanyon-stackposts-social-marketing-tool-v10.0.0-untouched/vendor/laravel/framework/src/Illuminate/Auth/AuthManager.php(337): Illuminate/Auth/AuthManager->guard()
#13 C:/Users/officialum1 llc/Downloads/codecanyon-stackposts-social-marketing-tool-v10.0.0-untouched/modules/AdminSettings/Support/SettingsPageRegistry.php(133): Illuminate/Auth/AuthManager->__call('user', Array)
#14 C:/Users/officialum1 llc/Downloads/codecanyon-stackposts-social-marketing-tool-v10.0.0-untouched/modules/AdminSettings/Support/SettingsPageRegistry.php(61): Modules/AdminSettings/Support/SettingsPageRegistry->isVisible(Array)
#15 [internal function]: Modules/AdminSettings/Support/SettingsPageRegistry->Modules/AdminSettings/Support/{closure}(Array)
#16 C:/Users/officialum1 llc/Downloads/codecanyon-stackposts-social-marketing-tool-v10.0.0-untouched/modules/AdminSettings/Support/SettingsPageRegistry.php(61): array_filter(Array, Object(Closure))
#17 [internal function]: Modules/AdminSettings/Support/SettingsPageRegistry->Modules/AdminSettings/Support/{closure}(Array)
#18 C:/Users/officialum1 llc/Downloads/codecanyon-stackposts-social-marketing-tool-v10.0.0-untouched/modules/AdminSettings/Support/SettingsPageRegistry.php(58): array_map(Object(Closure), Array)
#19 C:/Users/officialum1 llc/Downloads/codecanyon-stackposts-social-marketing-tool-v10.0.0-untouched/modules/AdminSettings/Support/SettingsPageRegistry.php(76): Modules/AdminSettings/Support/SettingsPageRegistry->sections()
#20 C:/Users/officialum1 llc/Downloads/codecanyon-stackposts-social-marketing-tool-v10.0.0-untouched/modules/AdminSettings/Support/SettingsPageRegistry.php(84): Modules/AdminSettings/Support/SettingsPageRegistry->items()
#21 C:/Users/officialum1 llc/Downloads/codecanyon-stackposts-social-marketing-tool-v10.0.0-untouched/modules/AdminSettings/Support/helpers.php(65): Modules/AdminSettings/Support/SettingsPageRegistry->defaultUrl()
#22 C:/Users/officialum1 llc/Downloads/codecanyon-stackposts-social-marketing-tool-v10.0.0-untouched/modules/AdminSettings/Routes/web.php(32): settings_default_url()
#23 C:/Users/officialum1 llc/Downloads/codecanyon-stackposts-social-marketing-tool-v10.0.0-untouched/vendor/laravel/framework/src/Illuminate/Routing/Router.php(524): Illuminate/Support/ServiceProvider->{closure}(Object(Illuminate/Routing/Router))
#24 C:/Users/officialum1 llc/Downloads/codecanyon-stackposts-social-marketing-tool-v10.0.0-untouched/vendor/laravel/framework/src/Illuminate/Routing/Router.php(480): Illuminate/Routing/Router->loadRoutes(Object(Closure))
#25 C:/Users/officialum1 llc/Downloads/codecanyon-stackposts-social-marketing-tool-v10.0.0-untouched/vendor/laravel/framework/src/Illuminate/Routing/RouteRegistrar.php(212): Illuminate/Routing/Router->group(Array, Object(Closure))
#26 C:/Users/officialum1 llc/Downloads/codecanyon-stackposts-social-marketing-tool-v10.0.0-untouched/modules/AdminSettings/Routes/web.php(31): Illuminate/Routing/RouteRegistrar->group(Object(Closure))
#27 C:/Users/officialum1 llc/Downloads/codecanyon-stackposts-social-marketing-tool-v10.0.0-untouched/vendor/laravel/framework/src/Illuminate/Support/ServiceProvider.php(201): require('C://Users//offici...')
#28 C:/Users/officialum1 llc/Downloads/codecanyon-stackposts-social-marketing-tool-v10.0.0-untouched/modules/AdminSettings/Providers/AdminSettingsServiceProvider.php(25): Illuminate/Support/ServiceProvider->loadRoutesFrom('C://Users//offici...')
#29 C:/Users/officialum1 llc/Downloads/codecanyon-stackposts-social-marketing-tool-v10.0.0-untouched/vendor/laravel/framework/src/Illuminate/Container/BoundMethod.php(36): Modules/AdminSettings/Providers/AdminSettingsServiceProvider->boot()
#30 C:/Users/officialum1 llc/Downloads/codecanyon-stackposts-social-marketing-tool-v10.0.0-untouched/vendor/laravel/framework/src/Illuminate/Container/Util.php(43): Illuminate/Container/BoundMethod::Illuminate/Container/{closure}()
#31 C:/Users/officialum1 llc/Downloads/codecanyon-stackposts-social-marketing-tool-v10.0.0-untouched/vendor/laravel/framework/src/Illuminate/Container/BoundMethod.php(96): Illuminate/Container/Util::unwrapIfClosure(Object(Closure))
#32 C:/Users/officialum1 llc/Downloads/codecanyon-stackposts-social-marketing-tool-v10.0.0-untouched/vendor/laravel/framework/src/Illuminate/Container/BoundMethod.php(35): Illuminate/Container/BoundMethod::callBoundMethod(Object(Illuminate/Foundation/Application), Array, Object(Closure))
#33 C:/Users/officialum1 llc/Downloads/codecanyon-stackposts-social-marketing-tool-v10.0.0-untouched/vendor/laravel/framework/src/Illuminate/Container/Container.php(799): Illuminate/Container/BoundMethod::call(Object(Illuminate/Foundation/Application), Array, Array, NULL)
#34 C:/Users/officialum1 llc/Downloads/codecanyon-stackposts-social-marketing-tool-v10.0.0-untouched/vendor/laravel/framework/src/Illuminate/Foundation/Application.php(1151): Illuminate/Container/Container->call(Array)
#35 C:/Users/officialum1 llc/Downloads/codecanyon-stackposts-social-marketing-tool-v10.0.0-untouched/vendor/laravel/framework/src/Illuminate/Foundation/Application.php(1132): Illuminate/Foundation/Application->bootProvider(Object(Modules/AdminSettings/Providers/AdminSettingsServiceProvider))
#36 [internal function]: Illuminate/Foundation/Application->Illuminate/Foundation/{closure}(Object(Modules/AdminSettings/Providers/AdminSettingsServiceProvider), 'Modules//AdminSe...')
#37 C:/Users/officialum1 llc/Downloads/codecanyon-stackposts-social-marketing-tool-v10.0.0-untouched/vendor/laravel/framework/src/Illuminate/Foundation/Application.php(1131): array_walk(Array, Object(Closure))
#38 C:/Users/officialum1 llc/Downloads/codecanyon-stackposts-social-marketing-tool-v10.0.0-untouched/vendor/laravel/framework/src/Illuminate/Foundation/Bootstrap/BootProviders.php(17): Illuminate/Foundation/Application->boot()
#39 C:/Users/officialum1 llc/Downloads/codecanyon-stackposts-social-marketing-tool-v10.0.0-untouched/vendor/laravel/framework/src/Illuminate/Foundation/Application.php(342): Illuminate/Foundation/Bootstrap/BootProviders->bootstrap(Object(Illuminate/Foundation/Application))
#40 C:/Users/officialum1 llc/Downloads/codecanyon-stackposts-social-marketing-tool-v10.0.0-untouched/vendor/laravel/framework/src/Illuminate/Foundation/Console/Kernel.php(494): Illuminate/Foundation/Application->bootstrapWith(Array)
#41 C:/Users/officialum1 llc/Downloads/codecanyon-stackposts-social-marketing-tool-v10.0.0-untouched/vendor/laravel/framework/src/Illuminate/Foundation/Console/Kernel.php(196): Illuminate/Foundation/Console/Kernel->bootstrap()
#42 C:/Users/officialum1 llc/Downloads/codecanyon-stackposts-social-marketing-tool-v10.0.0-untouched/vendor/laravel/framework/src/Illuminate/Foundation/Application.php(1235): Illuminate/Foundation/Console/Kernel->handle(Object(Symfony/Component/Console/Input/ArgvInput), Object(Symfony/Component/Console/Output/ConsoleOutput))
#43 C:/Users/officialum1 llc/Downloads/codecanyon-stackposts-social-marketing-tool-v10.0.0-untouched/artisan(16): Illuminate/Foundation/Application->handleCommand(Object(Symfony/Component/Console/Input/ArgvInput))
#44 {main}
"} 
[2026-05-27 06:04:15] production.ERROR: Maximum execution time of 30 seconds exceeded {"exception":"[object] (Symfony\\Component\\ErrorHandler\\Error\\FatalError(code: 0): Maximum execution time of 30 seconds exceeded at C:/Users/officialum1 llc/Downloads/codecanyon-stackposts-social-marketing-tool-v10.0.0-untouched/vendor/laravel/framework/src/Illuminate/Database/Connectors/Connector.php:66)
[stacktrace]
#0 {main}
"} 
[2026-05-27 13:05:01] production.ERROR: Maximum execution time of 30 seconds exceeded {"exception":"[object] (Symfony\\Component\\ErrorHandler\\Error\\FatalError(code: 0): Maximum execution time of 30 seconds exceeded at C:/Users/officialum1 llc/Downloads/codecanyon-stackposts-social-marketing-tool-v10.0.0-untouched/modules/AdminBlogTags/Routes/web.php:7)
[stacktrace]
#0 {main}
"} 
[2026-05-27 13:30:44] production.ERROR: Maximum execution time of 30 seconds exceeded {"userId":1,"exception":"[object] (Symfony\\Component\\ErrorHandler\\Error\\FatalError(code: 0): Maximum execution time of 30 seconds exceeded at C:/Users/officialum1 llc/Downloads/codecanyon-stackposts-social-marketing-tool-v10.0.0-untouched/storage/framework/views/f7585eb5a3938ede3962197a9380d1c6.php:3)
[stacktrace]
#0 {main}
"} 
[2026-05-27 13:55:39] production.ERROR: cURL error 35: Recv failure: Connection was reset (see https://curl.haxx.se/libcurl/c/libcurl-errors.html) for https://stackposts.com/api/storefront/cart {"userId":1,"exception":"[object] (Illuminate\\Http\\Client\\ConnectionException(code: 0): cURL error 35: Recv failure: Connection was reset (see https://curl.haxx.se/libcurl/c/libcurl-errors.html) for https://stackposts.com/api/storefront/cart at C:/Users/officialum1 llc/Downloads/codecanyon-stackposts-social-marketing-tool-v10.0.0-untouched/vendor/laravel/framework/src/Illuminate/Http/Client/PendingRequest.php:1805)
[stacktrace]
#0 C:/Users/officialum1 llc/Downloads/codecanyon-stackposts-social-marketing-tool-v10.0.0-untouched/vendor/laravel/framework/src/Illuminate/Http/Client/PendingRequest.php(1081): Illuminate/Http/Client/PendingRequest->marshalConnectionException(Object(GuzzleHttp/Exception/ConnectException))
#1 C:/Users/officialum1 llc/Downloads/codecanyon-stackposts-social-marketing-tool-v10.0.0-untouched/vendor/laravel/framework/src/Illuminate/Support/helpers.php(328): Illuminate/Http/Client/PendingRequest->Illuminate/Http/Client/{closure}(1)
#2 C:/Users/officialum1 llc/Downloads/codecanyon-stackposts-social-marketing-tool-v10.0.0-untouched/vendor/laravel/framework/src/Illuminate/Http/Client/PendingRequest.php(1041): retry(0, Object(Closure), 100, Object(Closure))
#3 C:/Users/officialum1 llc/Downloads/codecanyon-stackposts-social-marketing-tool-v10.0.0-untouched/vendor/laravel/framework/src/Illuminate/Http/Client/PendingRequest.php(849): Illuminate/Http/Client/PendingRequest->send('GET', 'https://stackpo...', Array)
#4 C:/Users/officialum1 llc/Downloads/codecanyon-stackposts-social-marketing-tool-v10.0.0-untouched/modules/AdminMarketplace/Http/Controllers/AdminMarketplaceController.php(235): Illuminate/Http/Client/PendingRequest->get('https://stackpo...')
#5 C:/Users/officialum1 llc/Downloads/codecanyon-stackposts-social-marketing-tool-v10.0.0-untouched/modules/AdminMarketplace/Http/Controllers/AdminMarketplaceController.php(168): Modules/AdminMarketplace/Http/Controllers/AdminMarketplaceController->forwardStorefrontRequest(Object(Illuminate/Http/Request), '/cart', 'GET')
#6 C:/Users/officialum1 llc/Downloads/codecanyon-stackposts-social-marketing-tool-v10.0.0-untouched/vendor/laravel/framework/src/Illuminate/Routing/Controller.php(54): Modules/AdminMarketplace/Http/Controllers/AdminMarketplaceController->storefrontCart(Object(Illuminate/Http/Request))
#7 C:/Users/officialum1 llc/Downloads/codecanyon-stackposts-social-marketing-tool-v10.0.0-untouched/vendor/laravel/framework/src/Illuminate/Routing/ControllerDispatcher.php(43): Illuminate/Routing/Controller->callAction('storefrontCart', Array)
#8 C:/Users/officialum1 llc/Downloads/codecanyon-stackposts-social-marketing-tool-v10.0.0-untouched/vendor/laravel/framework/src/Illuminate/Routing/Route.php(269): Illuminate/Routing/ControllerDispatcher->dispatch(Object(Illuminate/Routing/Route), Object(Modules/AdminMarketplace/Http/Controllers/AdminMarketplaceController), 'storefrontCart')
#9 C:/Users/officialum1 llc/Downloads/codecanyon-stackposts-social-marketing-tool-v10.0.0-untouched/vendor/laravel/framework/src/Illuminate/Routing/Route.php(215): Illuminate/Routing/Route->runController()
#10 C:/Users/officialum1 llc/Downloads/codecanyon-stackposts-social-marketing-tool-v10.0.0-untouched/vendor/laravel/framework/src/Illuminate/Routing/Router.php(822): Illuminate/Routing/Route->run()
#11 C:/Users/officialum1 llc/Downloads/codecanyon-stackposts-social-marketing-tool-v10.0.0-untouched/vendor/laravel/framework/src/Illuminate/Pipeline/Pipeline.php(180): Illuminate/Routing/Router->Illuminate/Routing/{closure}(Object(Illuminate/Http/Request))
#12 C:/Users/officialum1 llc/Downloads/codecanyon-stackposts-social-marketing-tool-v10.0.0-untouched/vendor/laravel/framework/src/Illuminate/Auth/Middleware/EnsureEmailIsVerified.php(41): Illuminate/Pipeline/Pipeline->Illuminate/Pipeline/{closure}(Object(Illuminate/Http/Request))
#13 C:/Users/officialum1 llc/Downloads/codecanyon-stackposts-social-marketing-tool-v10.0.0-untouched/vendor/laravel/framework/src/Illuminate/Pipeline/Pipeline.php(219): Illuminate/Auth/Middleware/EnsureEmailIsVerified->handle(Object(Illuminate/Http/Request), Object(Closure))
#14 C:/Users/officialum1 llc/Downloads/codecanyon-stackposts-social-marketing-tool-v10.0.0-untouched/app/Http/Middleware/PreventDemoModeWriteOperations.php(64): Illuminate/Pipeline/Pipeline->Illuminate/Pipeline/{closure}(Object(Illuminate/Http/Request))
#15 C:/Users/officialum1 llc/Downloads/codecanyon-stackposts-social-marketing-tool-v10.0.0-untouched/vendor/laravel/framework/src/Illuminate/Pipeline/Pipeline.php(219): App/Http/Middleware/PreventDemoModeWriteOperations->handle(Object(Illuminate/Http/Request), Object(Closure))
#16 C:/Users/officialum1 llc/Downloads/codecanyon-stackposts-social-marketing-tool-v10.0.0-untouched/app/Http/Middleware/EnsureAdminAccess.php(35): Illuminate/Pipeline/Pipeline->Illuminate/Pipeline/{closure}(Object(Illuminate/Http/Request))
#17 C:/Users/officialum1 llc/Downloads/codecanyon-stackposts-social-marketing-tool-v10.0.0-untouched/vendor/laravel/framework/src/Illuminate/Pipeline/Pipeline.php(219): App/Http/Middleware/EnsureAdminAccess->handle(Object(Illuminate/Http/Request), Object(Closure))
#18 C:/Users/officialum1 llc/Downloads/codecanyon-stackposts-social-marketing-tool-v10.0.0-untouched/app/Http/Middleware/ResolveUserPlanState.php(24): Illuminate/Pipeline/Pipeline->Illuminate/Pipeline/{closure}(Object(Illuminate/Http/Request))
#19 C:/Users/officialum1 llc/Downloads/codecanyon-stackposts-social-marketing-tool-v10.0.0-untouched/vendor/laravel/framework/src/Illuminate/Pipeline/Pipeline.php(219): App/Http/Middleware/ResolveUserPlanState->handle(Object(Illuminate/Http/Request), Object(Closure))
#20 C:/Users/officialum1 llc/Downloads/codecanyon-stackposts-social-marketing-tool-v10.0.0-untouched/modules/AppAffiliate/Http/Middleware/CaptureAffiliateReferral.php(19): Illuminate/Pipeline/Pipeline->Illuminate/Pipeline/{closure}(Object(Illuminate/Http/Request))
#21 C:/Users/officialum1 llc/Downloads/codecanyon-stackposts-social-marketing-tool-v10.0.0-untouched/vendor/laravel/framework/src/Illuminate/Pipeline/Pipeline.php(219): Modules/AppAffiliate/Http/Middleware/CaptureAffiliateReferral->handle(Object(Illuminate/Http/Request), Object(Closure))
#22 C:/Users/officialum1 llc/Downloads/codecanyon-stackposts-social-marketing-tool-v10.0.0-untouched/modules/AdminThemes/Http/Middleware/SetThemeContext.php(65): Illuminate/Pipeline/Pipeline->Illuminate/Pipeline/{closure}(Object(Illuminate/Http/Request))
#23 C:/Users/officialum1 llc/Downloads/codecanyon-stackposts-social-marketing-tool-v10.0.0-untouched/vendor/laravel/framework/src/Illuminate/Pipeline/Pipeline.php(219): Modules/AdminThemes/Http/Middleware/SetThemeContext->handle(Object(Illuminate/Http/Request), Object(Closure))
#24 C:/Users/officialum1 llc/Downloads/codecanyon-stackposts-social-marketing-tool-v10.0.0-untouched/modules/AdminLanguages/Http/Middleware/SetLocale.php(25): Illuminate/Pipeline/Pipeline->Illuminate/Pipeline/{closure}(Object(Illuminate/Http/Request))
#25 C:/Users/officialum1 llc/Downloads/codecanyon-stackposts-social-marketing-tool-v10.0.0-untouched/vendor/laravel/framework/src/Illuminate/Pipeline/Pipeline.php(219): Modules/AdminLanguages/Http/Middleware/SetLocale->handle(Object(Illuminate/Http/Request), Object(Closure))
#26 C:/Users/officialum1 llc/Downloads/codecanyon-stackposts-social-marketing-tool-v10.0.0-untouched/vendor/laravel/framework/src/Illuminate/Routing/Middleware/SubstituteBindings.php(52): Illuminate/Pipeline/Pipeline->Illuminate/Pipeline/{closure}(Object(Illuminate/Http/Request))
#27 C:/Users/officialum1 llc/Downloads/codecanyon-stackposts-social-marketing-tool-v10.0.0-untouched/vendor/laravel/framework/src/Illuminate/Pipeline/Pipeline.php(219): Illuminate/Routing/Middleware/SubstituteBindings->handle(Object(Illuminate/Http/Request), Object(Closure))
#28 C:/Users/officialum1 llc/Downloads/codecanyon-stackposts-social-marketing-tool-v10.0.0-untouched/vendor/laravel/framework/src/Illuminate/Auth/Middleware/Authenticate.php(63): Illuminate/Pipeline/Pipeline->Illuminate/Pipeline/{closure}(Object(Illuminate/Http/Request))
#29 C:/Users/officialum1 llc/Downloads/codecanyon-stackposts-social-marketing-tool-v10.0.0-untouched/vendor/laravel/framework/src/Illuminate/Pipeline/Pipeline.php(219): Illuminate/Auth/Middleware/Authenticate->handle(Object(Illuminate/Http/Request), Object(Closure))
#30 C:/Users/officialum1 llc/Downloads/codecanyon-stackposts-social-marketing-tool-v10.0.0-untouched/vendor/laravel/framework/src/Illuminate/Foundation/Http/Middleware/PreventRequestForgery.php(104): Illuminate/Pipeline/Pipeline->Illuminate/Pipeline/{closure}(Object(Illuminate/Http/Request))
#31 C:/Users/officialum1 llc/Downloads/codecanyon-stackposts-social-marketing-tool-v10.0.0-untouched/vendor/laravel/framework/src/Illuminate/Pipeline/Pipeline.php(219): Illuminate/Foundation/Http/Middleware/PreventRequestForgery->handle(Object(Illuminate/Http/Request), Object(Closure))
#32 C:/Users/officialum1 llc/Downloads/codecanyon-stackposts-social-marketing-tool-v10.0.0-untouched/vendor/laravel/framework/src/Illuminate/View/Middleware/ShareErrorsFromSession.php(48): Illuminate/Pipeline/Pipeline->Illuminate/Pipeline/{closure}(Object(Illuminate/Http/Request))
#33 C:/Users/officialum1 llc/Downloads/codecanyon-stackposts-social-marketing-tool-v10.0.0-untouched/vendor/laravel/framework/src/Illuminate/Pipeline/Pipeline.php(219): Illuminate/View/Middleware/ShareErrorsFromSession->handle(Object(Illuminate/Http/Request), Object(Closure))
#34 C:/Users/officialum1 llc/Downloads/codecanyon-stackposts-social-marketing-tool-v10.0.0-untouched/vendor/laravel/framework/src/Illuminate/Session/Middleware/StartSession.php(120): Illuminate/Pipeline/Pipeline->Illuminate/Pipeline/{closure}(Object(Illuminate/Http/Request))
#35 C:/Users/officialum1 llc/Downloads/codecanyon-stackposts-social-marketing-tool-v10.0.0-untouched/vendor/laravel/framework/src/Illuminate/Session/Middleware/StartSession.php(63): Illuminate/Session/Middleware/StartSession->handleStatefulRequest(Object(Illuminate/Http/Request), Object(Illuminate/Session/Store), Object(Closure))
#36 C:/Users/officialum1 llc/Downloads/codecanyon-stackposts-social-marketing-tool-v10.0.0-untouched/vendor/laravel/framework/src/Illuminate/Pipeline/Pipeline.php(219): Illuminate/Session/Middleware/StartSession->handle(Object(Illuminate/Http/Request), Object(Closure))
#37 C:/Users/officialum1 llc/Downloads/codecanyon-stackposts-social-marketing-tool-v10.0.0-untouched/vendor/laravel/framework/src/Illuminate/Cookie/Middleware/AddQueuedCookiesToResponse.php(36): Illuminate/Pipeline/Pipeline->Illuminate/Pipeline/{closure}(Object(Illuminate/Http/Request))
#38 C:/Users/officialum1 llc/Downloads/codecanyon-stackposts-social-marketing-tool-v10.0.0-untouched/vendor/laravel/framework/src/Illuminate/Pipeline/Pipeline.php(219): Illuminate/Cookie/Middleware/AddQueuedCookiesToResponse->handle(Object(Illuminate/Http/Request), Object(Closure))
#39 C:/Users/officialum1 llc/Downloads/codecanyon-stackposts-social-marketing-tool-v10.0.0-untouched/vendor/laravel/framework/src/Illuminate/Cookie/Middleware/EncryptCookies.php(74): Illuminate/Pipeline/Pipeline->Illuminate/Pipeline/{closure}(Object(Illuminate/Http/Request))
#40 C:/Users/officialum1 llc/Downloads/codecanyon-stackposts-social-marketing-tool-v10.0.0-untouched/vendor/laravel/framework/src/Illuminate/Pipeline/Pipeline.php(219): Illuminate/Cookie/Middleware/EncryptCookies->handle(Object(Illuminate/Http/Request), Object(Closure))
#41 C:/Users/officialum1 llc/Downloads/codecanyon-stackposts-social-marketing-tool-v10.0.0-untouched/app/Installer/Http/Middleware/PrepareInstallation.php(29): Illuminate/Pipeline/Pipeline->Illuminate/Pipeline/{closure}(Object(Illuminate/Http/Request))
#42 C:/Users/officialum1 llc/Downloads/codecanyon-stackposts-social-marketing-tool-v10.0.0-untouched/vendor/laravel/framework/src/Illuminate/Pipeline/Pipeline.php(219): App/Installer/Http/Middleware/PrepareInstallation->handle(Object(Illuminate/Http/Request), Object(Closure))
#43 C:/Users/officialum1 llc/Downloads/codecanyon-stackposts-social-marketing-tool-v10.0.0-untouched/vendor/laravel/framework/src/Illuminate/Pipeline/Pipeline.php(137): Illuminate/Pipeline/Pipeline->Illuminate/Pipeline/{closure}(Object(Illuminate/Http/Request))
#44 C:/Users/officialum1 llc/Downloads/codecanyon-stackposts-social-marketing-tool-v10.0.0-untouched/vendor/laravel/framework/src/Illuminate/Routing/Router.php(821): Illuminate/Pipeline/Pipeline->then(Object(Closure))
#45 C:/Users/officialum1 llc/Downloads/codecanyon-stackposts-social-marketing-tool-v10.0.0-untouched/vendor/laravel/framework/src/Illuminate/Routing/Router.php(800): Illuminate/Routing/Router->runRouteWithinStack(Object(Illuminate/Routing/Route), Object(Illuminate/Http/Request))
#46 C:/Users/officialum1 llc/Downloads/codecanyon-stackposts-social-marketing-tool-v10.0.0-untouched/vendor/laravel/framework/src/Illuminate/Routing/Router.php(764): Illuminate/Routing/Router->runRoute(Object(Illuminate/Http/Request), Object(Illuminate/Routing/Route))
#47 C:/Users/officialum1 llc/Downloads/codecanyon-stackposts-social-marketing-tool-v10.0.0-untouched/vendor/laravel/framework/src/Illuminate/Routing/Router.php(753): Illuminate/Routing/Router->dispatchToRoute(Object(Illuminate/Http/Request))
#48 C:/Users/officialum1 llc/Downloads/codecanyon-stackposts-social-marketing-tool-v10.0.0-untouched/vendor/laravel/framework/src/Illuminate/Foundation/Http/Kernel.php(200): Illuminate/Routing/Router->dispatch(Object(Illuminate/Http/Request))
#49 C:/Users/officialum1 llc/Downloads/codecanyon-stackposts-social-marketing-tool-v10.0.0-untouched/vendor/laravel/framework/src/Illuminate/Pipeline/Pipeline.php(180): Illuminate/Foundation/Http/Kernel->Illuminate/Foundation/Http/{closure}(Object(Illuminate/Http/Request))
#50 C:/Users/officialum1 llc/Downloads/codecanyon-stackposts-social-marketing-tool-v10.0.0-untouched/vendor/livewire/livewire/src/Features/SupportDisablingBackButtonCache/DisableBackButtonCacheMiddleware.php(19): Illuminate/Pipeline/Pipeline->Illuminate/Pipeline/{closure}(Object(Illuminate/Http/Request))
#51 C:/Users/officialum1 llc/Downloads/codecanyon-stackposts-social-marketing-tool-v10.0.0-untouched/vendor/laravel/framework/src/Illuminate/Pipeline/Pipeline.php(219): Livewire/Features/SupportDisablingBackButtonCache/DisableBackButtonCacheMiddleware->handle(Object(Illuminate/Http/Request), Object(Closure))
#52 C:/Users/officialum1 llc/Downloads/codecanyon-stackposts-social-marketing-tool-v10.0.0-untouched/vendor/laravel/framework/src/Illuminate/Foundation/Http/Middleware/TransformsRequest.php(21): Illuminate/Pipeline/Pipeline->Illuminate/Pipeline/{closure}(Object(Illuminate/Http/Request))
#53 C:/Users/officialum1 llc/Downloads/codecanyon-stackposts-social-marketing-tool-v10.0.0-untouched/vendor/laravel/framework/src/Illuminate/Foundation/Http/Middleware/ConvertEmptyStringsToNull.php(31): Illuminate/Foundation/Http/Middleware/TransformsRequest->handle(Object(Illuminate/Http/Request), Object(Closure))
#54 C:/Users/officialum1 llc/Downloads/codecanyon-stackposts-social-marketing-tool-v10.0.0-untouched/vendor/laravel/framework/src/Illuminate/Pipeline/Pipeline.php(219): Illuminate/Foundation/Http/Middleware/ConvertEmptyStringsToNull->handle(Object(Illuminate/Http/Request), Object(Closure))
#55 C:/Users/officialum1 llc/Downloads/codecanyon-stackposts-social-marketing-tool-v10.0.0-untouched/vendor/laravel/framework/src/Illuminate/Foundation/Http/Middleware/TransformsRequest.php(21): Illuminate/Pipeline/Pipeline->Illuminate/Pipeline/{closure}(Object(Illuminate/Http/Request))
#56 C:/Users/officialum1 llc/Downloads/codecanyon-stackposts-social-marketing-tool-v10.0.0-untouched/vendor/laravel/framework/src/Illuminate/Foundation/Http/Middleware/TrimStrings.php(51): Illuminate/Foundation/Http/Middleware/TransformsRequest->handle(Object(Illuminate/Http/Request), Object(Closure))
#57 C:/Users/officialum1 llc/Downloads/codecanyon-stackposts-social-marketing-tool-v10.0.0-untouched/vendor/laravel/framework/src/Illuminate/Pipeline/Pipeline.php(219): Illuminate/Foundation/Http/Middleware/TrimStrings->handle(Object(Illuminate/Http/Request), Object(Closure))
#58 C:/Users/officialum1 llc/Downloads/codecanyon-stackposts-social-marketing-tool-v10.0.0-untouched/vendor/laravel/framework/src/Illuminate/Http/Middleware/ValidatePostSize.php(27): Illuminate/Pipeline/Pipeline->Illuminate/Pipeline/{closure}(Object(Illuminate/Http/Request))
#59 C:/Users/officialum1 llc/Downloads/codecanyon-stackposts-social-marketing-tool-v10.0.0-untouched/vendor/laravel/framework/src/Illuminate/Pipeline/Pipeline.php(219): Illuminate/Http/Middleware/ValidatePostSize->handle(Object(Illuminate/Http/Request), Object(Closure))
#60 C:/Users/officialum1 llc/Downloads/codecanyon-stackposts-social-marketing-tool-v10.0.0-untouched/vendor/laravel/framework/src/Illuminate/Foundation/Http/Middleware/PreventRequestsDuringMaintenance.php(109): Illuminate/Pipeline/Pipeline->Illuminate/Pipeline/{closure}(Object(Illuminate/Http/Request))
#61 C:/Users/officialum1 llc/Downloads/codecanyon-stackposts-social-marketing-tool-v10.0.0-untouched/vendor/laravel/framework/src/Illuminate/Pipeline/Pipeline.php(219): Illuminate/Foundation/Http/Middleware/PreventRequestsDuringMaintenance->handle(Object(Illuminate/Http/Request), Object(Closure))
#62 C:/Users/officialum1 llc/Downloads/codecanyon-stackposts-social-marketing-tool-v10.0.0-untouched/vendor/laravel/framework/src/Illuminate/Http/Middleware/HandleCors.php(61): Illuminate/Pipeline/Pipeline->Illuminate/Pipeline/{closure}(Object(Illuminate/Http/Request))
#63 C:/Users/officialum1 llc/Downloads/codecanyon-stackposts-social-marketing-tool-v10.0.0-untouched/vendor/laravel/framework/src/Illuminate/Pipeline/Pipeline.php(219): Illuminate/Http/Middleware/HandleCors->handle(Object(Illuminate/Http/Request), Object(Closure))
#64 C:/Users/officialum1 llc/Downloads/codecanyon-stackposts-social-marketing-tool-v10.0.0-untouched/vendor/laravel/framework/src/Illuminate/Http/Middleware/TrustProxies.php(58): Illuminate/Pipeline/Pipeline->Illuminate/Pipeline/{closure}(Object(Illuminate/Http/Request))
#65 C:/Users/officialum1 llc/Downloads/codecanyon-stackposts-social-marketing-tool-v10.0.0-untouched/vendor/laravel/framework/src/Illuminate/Pipeline/Pipeline.php(219): Illuminate/Http/Middleware/TrustProxies->handle(Object(Illuminate/Http/Request), Object(Closure))
#66 C:/Users/officialum1 llc/Downloads/codecanyon-stackposts-social-marketing-tool-v10.0.0-untouched/vendor/laravel/framework/src/Illuminate/Foundation/Http/Middleware/InvokeDeferredCallbacks.php(22): Illuminate/Pipeline/Pipeline->Illuminate/Pipeline/{closure}(Object(Illuminate/Http/Request))
#67 C:/Users/officialum1 llc/Downloads/codecanyon-stackposts-social-marketing-tool-v10.0.0-untouched/vendor/laravel/framework/src/Illuminate/Pipeline/Pipeline.php(219): Illuminate/Foundation/Http/Middleware/InvokeDeferredCallbacks->handle(Object(Illuminate/Http/Request), Object(Closure))
#68 C:/Users/officialum1 llc/Downloads/codecanyon-stackposts-social-marketing-tool-v10.0.0-untouched/vendor/laravel/framework/src/Illuminate/Http/Middleware/ValidatePathEncoding.php(28): Illuminate/Pipeline/Pipeline->Illuminate/Pipeline/{closure}(Object(Illuminate/Http/Request))
#69 C:/Users/officialum1 llc/Downloads/codecanyon-stackposts-social-marketing-tool-v10.0.0-untouched/vendor/laravel/framework/src/Illuminate/Pipeline/Pipeline.php(219): Illuminate/Http/Middleware/ValidatePathEncoding->handle(Object(Illuminate/Http/Request), Object(Closure))
#70 C:/Users/officialum1 llc/Downloads/codecanyon-stackposts-social-marketing-tool-v10.0.0-untouched/vendor/laravel/framework/src/Illuminate/Pipeline/Pipeline.php(137): Illuminate/Pipeline/Pipeline->Illuminate/Pipeline/{closure}(Object(Illuminate/Http/Request))
#71 C:/Users/officialum1 llc/Downloads/codecanyon-stackposts-social-marketing-tool-v10.0.0-untouched/vendor/laravel/framework/src/Illuminate/Foundation/Http/Kernel.php(175): Illuminate/Pipeline/Pipeline->then(Object(Closure))
#72 C:/Users/officialum1 llc/Downloads/codecanyon-stackposts-social-marketing-tool-v10.0.0-untouched/vendor/laravel/framework/src/Illuminate/Foundation/Http/Kernel.php(144): Illuminate/Foundation/Http/Kernel->sendRequestThroughRouter(Object(Illuminate/Http/Request))
#73 C:/Users/officialum1 llc/Downloads/codecanyon-stackposts-social-marketing-tool-v10.0.0-untouched/vendor/laravel/framework/src/Illuminate/Foundation/Application.php(1220): Illuminate/Foundation/Http/Kernel->handle(Object(Illuminate/Http/Request))
#74 C:/Users/officialum1 llc/Downloads/codecanyon-stackposts-social-marketing-tool-v10.0.0-untouched/public/index.php(20): Illuminate/Foundation/Application->handleRequest(Object(Illuminate/Http/Request))
#75 C:/Users/officialum1 llc/Downloads/codecanyon-stackposts-social-marketing-tool-v10.0.0-untouched/router.php(14): require_once('C://Users//offici...')
#76 {main}

[previous exception] [object] (GuzzleHttp\\Exception\\ConnectException(code: 0): cURL error 35: Recv failure: Connection was reset (see https://curl.haxx.se/libcurl/c/libcurl-errors.html) for https://stackposts.com/api/storefront/cart at C:/Users/officialum1 llc/Downloads/codecanyon-stackposts-social-marketing-tool-v10.0.0-untouched/vendor/guzzlehttp/guzzle/src/Handler/CurlFactory.php:277)
[stacktrace]
#0 C:/Users/officialum1 llc/Downloads/codecanyon-stackposts-social-marketing-tool-v10.0.0-untouched/vendor/guzzlehttp/guzzle/src/Handler/CurlFactory.php(207): GuzzleHttp/Handler/CurlFactory::createRejection(Object(GuzzleHttp/Handler/EasyHandle), Array)
#1 C:/Users/officialum1 llc/Downloads/codecanyon-stackposts-social-marketing-tool-v10.0.0-untouched/vendor/guzzlehttp/guzzle/src/Handler/CurlFactory.php(159): GuzzleHttp/Handler/CurlFactory::finishError(Object(GuzzleHttp/Handler/CurlHandler), Object(GuzzleHttp/Handler/EasyHandle), Object(GuzzleHttp/Handler/CurlFactory))
#2 C:/Users/officialum1 llc/Downloads/codecanyon-stackposts-social-marketing-tool-v10.0.0-untouched/vendor/guzzlehttp/guzzle/src/Handler/CurlHandler.php(47): GuzzleHttp/Handler/CurlFactory::finish(Object(GuzzleHttp/Handler/CurlHandler), Object(GuzzleHttp/Handler/EasyHandle), Object(GuzzleHttp/Handler/CurlFactory))
#3 C:/Users/officialum1 llc/Downloads/codecanyon-stackposts-social-marketing-tool-v10.0.0-untouched/vendor/guzzlehttp/guzzle/src/Handler/Proxy.php(28): GuzzleHttp/Handler/CurlHandler->__invoke(Object(GuzzleHttp/Psr7/Request), Array)
#4 C:/Users/officialum1 llc/Downloads/codecanyon-stackposts-social-marketing-tool-v10.0.0-untouched/vendor/guzzlehttp/guzzle/src/Handler/Proxy.php(48): GuzzleHttp/Handler/Proxy::GuzzleHttp/Handler/{closure}(Object(GuzzleHttp/Psr7/Request), Array)
#5 C:/Users/officialum1 llc/Downloads/codecanyon-stackposts-social-marketing-tool-v10.0.0-untouched/vendor/laravel/framework/src/Illuminate/Http/Client/PendingRequest.php(1523): GuzzleHttp/Handler/Proxy::GuzzleHttp/Handler/{closure}(Object(GuzzleHttp/Psr7/Request), Array)
#6 C:/Users/officialum1 llc/Downloads/codecanyon-stackposts-social-marketing-tool-v10.0.0-untouched/vendor/laravel/framework/src/Illuminate/Http/Client/PendingRequest.php(1480): Illuminate/Http/Client/PendingRequest->Illuminate/Http/Client/{closure}(Object(GuzzleHttp/Psr7/Request), Array)
#7 C:/Users/officialum1 llc/Downloads/codecanyon-stackposts-social-marketing-tool-v10.0.0-untouched/vendor/laravel/framework/src/Illuminate/Http/Client/PendingRequest.php(1466): Illuminate/Http/Client/PendingRequest->Illuminate/Http/Client/{closure}(Object(GuzzleHttp/Psr7/Request), Array)
#8 C:/Users/officialum1 llc/Downloads/codecanyon-stackposts-social-marketing-tool-v10.0.0-untouched/vendor/guzzlehttp/guzzle/src/PrepareBodyMiddleware.php(35): Illuminate/Http/Client/PendingRequest->Illuminate/Http/Client/{closure}(Object(GuzzleHttp/Psr7/Request), Array)
#9 C:/Users/officialum1 llc/Downloads/codecanyon-stackposts-social-marketing-tool-v10.0.0-untouched/vendor/guzzlehttp/guzzle/src/Middleware.php(38): GuzzleHttp/PrepareBodyMiddleware->__invoke(Object(GuzzleHttp/Psr7/Request), Array)
#10 C:/Users/officialum1 llc/Downloads/codecanyon-stackposts-social-marketing-tool-v10.0.0-untouched/vendor/guzzlehttp/guzzle/src/RedirectMiddleware.php(71): GuzzleHttp/Middleware::GuzzleHttp/{closure}(Object(GuzzleHttp/Psr7/Request), Array)
#11 C:/Users/officialum1 llc/Downloads/codecanyon-stackposts-social-marketing-tool-v10.0.0-untouched/vendor/guzzlehttp/guzzle/src/Middleware.php(63): GuzzleHttp/RedirectMiddleware->__invoke(Object(GuzzleHttp/Psr7/Request), Array)
#12 C:/Users/officialum1 llc/Downloads/codecanyon-stackposts-social-marketing-tool-v10.0.0-untouched/vendor/guzzlehttp/guzzle/src/HandlerStack.php(75): GuzzleHttp/Middleware::GuzzleHttp/{closure}(Object(GuzzleHttp/Psr7/Request), Array)
#13 C:/Users/officialum1 llc/Downloads/codecanyon-stackposts-social-marketing-tool-v10.0.0-untouched/vendor/guzzlehttp/guzzle/src/Client.php(333): GuzzleHttp/HandlerStack->__invoke(Object(GuzzleHttp/Psr7/Request), Array)
#14 C:/Users/officialum1 llc/Downloads/codecanyon-stackposts-social-marketing-tool-v10.0.0-untouched/vendor/guzzlehttp/guzzle/src/Client.php(169): GuzzleHttp/Client->transfer(Object(GuzzleHttp/Psr7/Request), Array)
#15 C:/Users/officialum1 llc/Downloads/codecanyon-stackposts-social-marketing-tool-v10.0.0-untouched/vendor/guzzlehttp/guzzle/src/Client.php(189): GuzzleHttp/Client->requestAsync('GET', Object(GuzzleHttp/Psr7/Uri), Array)
#16 C:/Users/officialum1 llc/Downloads/codecanyon-stackposts-social-marketing-tool-v10.0.0-untouched/vendor/laravel/framework/src/Illuminate/Http/Client/PendingRequest.php(1306): GuzzleHttp/Client->request('GET', 'https://stackpo...', Array)
#17 C:/Users/officialum1 llc/Downloads/codecanyon-stackposts-social-marketing-tool-v10.0.0-untouched/vendor/laravel/framework/src/Illuminate/Http/Client/PendingRequest.php(1043): Illuminate/Http/Client/PendingRequest->sendRequest('GET', 'https://stackpo...', Array)
#18 C:/Users/officialum1 llc/Downloads/codecanyon-stackposts-social-marketing-tool-v10.0.0-untouched/vendor/laravel/framework/src/Illuminate/Support/helpers.php(328): Illuminate/Http/Client/PendingRequest->Illuminate/Http/Client/{closure}(1)
#19 C:/Users/officialum1 llc/Downloads/codecanyon-stackposts-social-marketing-tool-v10.0.0-untouched/vendor/laravel/framework/src/Illuminate/Http/Client/PendingRequest.php(1041): retry(0, Object(Closure), 100, Object(Closure))
#20 C:/Users/officialum1 llc/Downloads/codecanyon-stackposts-social-marketing-tool-v10.0.0-untouched/vendor/laravel/framework/src/Illuminate/Http/Client/PendingRequest.php(849): Illuminate/Http/Client/PendingRequest->send('GET', 'https://stackpo...', Array)
#21 C:/Users/officialum1 llc/Downloads/codecanyon-stackposts-social-marketing-tool-v10.0.0-untouched/modules/AdminMarketplace/Http/Controllers/AdminMarketplaceController.php(235): Illuminate/Http/Client/PendingRequest->get('https://stackpo...')
#22 C:/Users/officialum1 llc/Downloads/codecanyon-stackposts-social-marketing-tool-v10.0.0-untouched/modules/AdminMarketplace/Http/Controllers/AdminMarketplaceController.php(168): Modules/AdminMarketplace/Http/Controllers/AdminMarketplaceController->forwardStorefrontRequest(Object(Illuminate/Http/Request), '/cart', 'GET')
#23 C:/Users/officialum1 llc/Downloads/codecanyon-stackposts-social-marketing-tool-v10.0.0-untouched/vendor/laravel/framework/src/Illuminate/Routing/Controller.php(54): Modules/AdminMarketplace/Http/Controllers/AdminMarketplaceController->storefrontCart(Object(Illuminate/Http/Request))
#24 C:/Users/officialum1 llc/Downloads/codecanyon-stackposts-social-marketing-tool-v10.0.0-untouched/vendor/laravel/framework/src/Illuminate/Routing/ControllerDispatcher.php(43): Illuminate/Routing/Controller->callAction('storefrontCart', Array)
#25 C:/Users/officialum1 llc/Downloads/codecanyon-stackposts-social-marketing-tool-v10.0.0-untouched/vendor/laravel/framework/src/Illuminate/Routing/Route.php(269): Illuminate/Routing/ControllerDispatcher->dispatch(Object(Illuminate/Routing/Route), Object(Modules/AdminMarketplace/Http/Controllers/AdminMarketplaceController), 'storefrontCart')
#26 C:/Users/officialum1 llc/Downloads/codecanyon-stackposts-social-marketing-tool-v10.0.0-untouched/vendor/laravel/framework/src/Illuminate/Routing/Route.php(215): Illuminate/Routing/Route->runController()
#27 C:/Users/officialum1 llc/Downloads/codecanyon-stackposts-social-marketing-tool-v10.0.0-untouched/vendor/laravel/framework/src/Illuminate/Routing/Router.php(822): Illuminate/Routing/Route->run()
#28 C:/Users/officialum1 llc/Downloads/codecanyon-stackposts-social-marketing-tool-v10.0.0-untouched/vendor/laravel/framework/src/Illuminate/Pipeline/Pipeline.php(180): Illuminate/Routing/Router->Illuminate/Routing/{closure}(Object(Illuminate/Http/Request))
#29 C:/Users/officialum1 llc/Downloads/codecanyon-stackposts-social-marketing-tool-v10.0.0-untouched/vendor/laravel/framework/src/Illuminate/Auth/Middleware/EnsureEmailIsVerified.php(41): Illuminate/Pipeline/Pipeline->Illuminate/Pipeline/{closure}(Object(Illuminate/Http/Request))
#30 C:/Users/officialum1 llc/Downloads/codecanyon-stackposts-social-marketing-tool-v10.0.0-untouched/vendor/laravel/framework/src/Illuminate/Pipeline/Pipeline.php(219): Illuminate/Auth/Middleware/EnsureEmailIsVerified->handle(Object(Illuminate/Http/Request), Object(Closure))
#31 C:/Users/officialum1 llc/Downloads/codecanyon-stackposts-social-marketing-tool-v10.0.0-untouched/app/Http/Middleware/PreventDemoModeWriteOperations.php(64): Illuminate/Pipeline/Pipeline->Illuminate/Pipeline/{closure}(Object(Illuminate/Http/Request))
#32 C:/Users/officialum1 llc/Downloads/codecanyon-stackposts-social-marketing-tool-v10.0.0-untouched/vendor/laravel/framework/src/Illuminate/Pipeline/Pipeline.php(219): App/Http/Middleware/PreventDemoModeWriteOperations->handle(Object(Illuminate/Http/Request), Object(Closure))
#33 C:/Users/officialum1 llc/Downloads/codecanyon-stackposts-social-marketing-tool-v10.0.0-untouched/app/Http/Middleware/EnsureAdminAccess.php(35): Illuminate/Pipeline/Pipeline->Illuminate/Pipeline/{closure}(Object(Illuminate/Http/Request))
#34 C:/Users/officialum1 llc/Downloads/codecanyon-stackposts-social-marketing-tool-v10.0.0-untouched/vendor/laravel/framework/src/Illuminate/Pipeline/Pipeline.php(219): App/Http/Middleware/EnsureAdminAccess->handle(Object(Illuminate/Http/Request), Object(Closure))
#35 C:/Users/officialum1 llc/Downloads/codecanyon-stackposts-social-marketing-tool-v10.0.0-untouched/app/Http/Middleware/ResolveUserPlanState.php(24): Illuminate/Pipeline/Pipeline->Illuminate/Pipeline/{closure}(Object(Illuminate/Http/Request))
#36 C:/Users/officialum1 llc/Downloads/codecanyon-stackposts-social-marketing-tool-v10.0.0-untouched/vendor/laravel/framework/src/Illuminate/Pipeline/Pipeline.php(219): App/Http/Middleware/ResolveUserPlanState->handle(Object(Illuminate/Http/Request), Object(Closure))
#37 C:/Users/officialum1 llc/Downloads/codecanyon-stackposts-social-marketing-tool-v10.0.0-untouched/modules/AppAffiliate/Http/Middleware/CaptureAffiliateReferral.php(19): Illuminate/Pipeline/Pipeline->Illuminate/Pipeline/{closure}(Object(Illuminate/Http/Request))
#38 C:/Users/officialum1 llc/Downloads/codecanyon-stackposts-social-marketing-tool-v10.0.0-untouched/vendor/laravel/framework/src/Illuminate/Pipeline/Pipeline.php(219): Modules/AppAffiliate/Http/Middleware/CaptureAffiliateReferral->handle(Object(Illuminate/Http/Request), Object(Closure))
#39 C:/Users/officialum1 llc/Downloads/codecanyon-stackposts-social-marketing-tool-v10.0.0-untouched/modules/AdminThemes/Http/Middleware/SetThemeContext.php(65): Illuminate/Pipeline/Pipeline->Illuminate/Pipeline/{closure}(Object(Illuminate/Http/Request))
#40 C:/Users/officialum1 llc/Downloads/codecanyon-stackposts-social-marketing-tool-v10.0.0-untouched/vendor/laravel/framework/src/Illuminate/Pipeline/Pipeline.php(219): Modules/AdminThemes/Http/Middleware/SetThemeContext->handle(Object(Illuminate/Http/Request), Object(Closure))
#41 C:/Users/officialum1 llc/Downloads/codecanyon-stackposts-social-marketing-tool-v10.0.0-untouched/modules/AdminLanguages/Http/Middleware/SetLocale.php(25): Illuminate/Pipeline/Pipeline->Illuminate/Pipeline/{closure}(Object(Illuminate/Http/Request))
#42 C:/Users/officialum1 llc/Downloads/codecanyon-stackposts-social-marketing-tool-v10.0.0-untouched/vendor/laravel/framework/src/Illuminate/Pipeline/Pipeline.php(219): Modules/AdminLanguages/Http/Middleware/SetLocale->handle(Object(Illuminate/Http/Request), Object(Closure))
#43 C:/Users/officialum1 llc/Downloads/codecanyon-stackposts-social-marketing-tool-v10.0.0-untouched/vendor/laravel/framework/src/Illuminate/Routing/Middleware/SubstituteBindings.php(52): Illuminate/Pipeline/Pipeline->Illuminate/Pipeline/{closure}(Object(Illuminate/Http/Request))
#44 C:/Users/officialum1 llc/Downloads/codecanyon-stackposts-social-marketing-tool-v10.0.0-untouched/vendor/laravel/framework/src/Illuminate/Pipeline/Pipeline.php(219): Illuminate/Routing/Middleware/SubstituteBindings->handle(Object(Illuminate/Http/Request), Object(Closure))
#45 C:/Users/officialum1 llc/Downloads/codecanyon-stackposts-social-marketing-tool-v10.0.0-untouched/vendor/laravel/framework/src/Illuminate/Auth/Middleware/Authenticate.php(63): Illuminate/Pipeline/Pipeline->Illuminate/Pipeline/{closure}(Object(Illuminate/Http/Request))
#46 C:/Users/officialum1 llc/Downloads/codecanyon-stackposts-social-marketing-tool-v10.0.0-untouched/vendor/laravel/framework/src/Illuminate/Pipeline/Pipeline.php(219): Illuminate/Auth/Middleware/Authenticate->handle(Object(Illuminate/Http/Request), Object(Closure))
#47 C:/Users/officialum1 llc/Downloads/codecanyon-stackposts-social-marketing-tool-v10.0.0-untouched/vendor/laravel/framework/src/Illuminate/Foundation/Http/Middleware/PreventRequestForgery.php(104): Illuminate/Pipeline/Pipeline->Illuminate/Pipeline/{closure}(Object(Illuminate/Http/Request))
#48 C:/Users/officialum1 llc/Downloads/codecanyon-stackposts-social-marketing-tool-v10.0.0-untouched/vendor/laravel/framework/src/Illuminate/Pipeline/Pipeline.php(219): Illuminate/Foundation/Http/Middleware/PreventRequestForgery->handle(Object(Illuminate/Http/Request), Object(Closure))
#49 C:/Users/officialum1 llc/Downloads/codecanyon-stackposts-social-marketing-tool-v10.0.0-untouched/vendor/laravel/framework/src/Illuminate/View/Middleware/ShareErrorsFromSession.php(48): Illuminate/Pipeline/Pipeline->Illuminate/Pipeline/{closure}(Object(Illuminate/Http/Request))
#50 C:/Users/officialum1 llc/Downloads/codecanyon-stackposts-social-marketing-tool-v10.0.0-untouched/vendor/laravel/framework/src/Illuminate/Pipeline/Pipeline.php(219): Illuminate/View/Middleware/ShareErrorsFromSession->handle(Object(Illuminate/Http/Request), Object(Closure))
#51 C:/Users/officialum1 llc/Downloads/codecanyon-stackposts-social-marketing-tool-v10.0.0-untouched/vendor/laravel/framework/src/Illuminate/Session/Middleware/StartSession.php(120): Illuminate/Pipeline/Pipeline->Illuminate/Pipeline/{closure}(Object(Illuminate/Http/Request))
#52 C:/Users/officialum1 llc/Downloads/codecanyon-stackposts-social-marketing-tool-v10.0.0-untouched/vendor/laravel/framework/src/Illuminate/Session/Middleware/StartSession.php(63): Illuminate/Session/Middleware/StartSession->handleStatefulRequest(Object(Illuminate/Http/Request), Object(Illuminate/Session/Store), Object(Closure))
#53 C:/Users/officialum1 llc/Downloads/codecanyon-stackposts-social-marketing-tool-v10.0.0-untouched/vendor/laravel/framework/src/Illuminate/Pipeline/Pipeline.php(219): Illuminate/Session/Middleware/StartSession->handle(Object(Illuminate/Http/Request), Object(Closure))
#54 C:/Users/officialum1 llc/Downloads/codecanyon-stackposts-social-marketing-tool-v10.0.0-untouched/vendor/laravel/framework/src/Illuminate/Cookie/Middleware/AddQueuedCookiesToResponse.php(36): Illuminate/Pipeline/Pipeline->Illuminate/Pipeline/{closure}(Object(Illuminate/Http/Request))
#55 C:/Users/officialum1 llc/Downloads/codecanyon-stackposts-social-marketing-tool-v10.0.0-untouched/vendor/laravel/framework/src/Illuminate/Pipeline/Pipeline.php(219): Illuminate/Cookie/Middleware/AddQueuedCookiesToResponse->handle(Object(Illuminate/Http/Request), Object(Closure))
#56 C:/Users/officialum1 llc/Downloads/codecanyon-stackposts-social-marketing-tool-v10.0.0-untouched/vendor/laravel/framework/src/Illuminate/Cookie/Middleware/EncryptCookies.php(74): Illuminate/Pipeline/Pipeline->Illuminate/Pipeline/{closure}(Object(Illuminate/Http/Request))
#57 C:/Users/officialum1 llc/Downloads/codecanyon-stackposts-social-marketing-tool-v10.0.0-untouched/vendor/laravel/framework/src/Illuminate/Pipeline/Pipeline.php(219): Illuminate/Cookie/Middleware/EncryptCookies->handle(Object(Illuminate/Http/Request), Object(Closure))
#58 C:/Users/officialum1 llc/Downloads/codecanyon-stackposts-social-marketing-tool-v10.0.0-untouched/app/Installer/Http/Middleware/PrepareInstallation.php(29): Illuminate/Pipeline/Pipeline->Illuminate/Pipeline/{closure}(Object(Illuminate/Http/Request))
#59 C:/Users/officialum1 llc/Downloads/codecanyon-stackposts-social-marketing-tool-v10.0.0-untouched/vendor/laravel/framework/src/Illuminate/Pipeline/Pipeline.php(219): App/Installer/Http/Middleware/PrepareInstallation->handle(Object(Illuminate/Http/Request), Object(Closure))
#60 C:/Users/officialum1 llc/Downloads/codecanyon-stackposts-social-marketing-tool-v10.0.0-untouched/vendor/laravel/framework/src/Illuminate/Pipeline/Pipeline.php(137): Illuminate/Pipeline/Pipeline->Illuminate/Pipeline/{closure}(Object(Illuminate/Http/Request))
#61 C:/Users/officialum1 llc/Downloads/codecanyon-stackposts-social-marketing-tool-v10.0.0-untouched/vendor/laravel/framework/src/Illuminate/Routing/Router.php(821): Illuminate/Pipeline/Pipeline->then(Object(Closure))
#62 C:/Users/officialum1 llc/Downloads/codecanyon-stackposts-social-marketing-tool-v10.0.0-untouched/vendor/laravel/framework/src/Illuminate/Routing/Router.php(800): Illuminate/Routing/Router->runRouteWithinStack(Object(Illuminate/Routing/Route), Object(Illuminate/Http/Request))
#63 C:/Users/officialum1 llc/Downloads/codecanyon-stackposts-social-marketing-tool-v10.0.0-untouched/vendor/laravel/framework/src/Illuminate/Routing/Router.php(764): Illuminate/Routing/Router->runRoute(Object(Illuminate/Http/Request), Object(Illuminate/Routing/Route))
#64 C:/Users/officialum1 llc/Downloads/codecanyon-stackposts-social-marketing-tool-v10.0.0-untouched/vendor/laravel/framework/src/Illuminate/Routing/Router.php(753): Illuminate/Routing/Router->dispatchToRoute(Object(Illuminate/Http/Request))
#65 C:/Users/officialum1 llc/Downloads/codecanyon-stackposts-social-marketing-tool-v10.0.0-untouched/vendor/laravel/framework/src/Illuminate/Foundation/Http/Kernel.php(200): Illuminate/Routing/Router->dispatch(Object(Illuminate/Http/Request))
#66 C:/Users/officialum1 llc/Downloads/codecanyon-stackposts-social-marketing-tool-v10.0.0-untouched/vendor/laravel/framework/src/Illuminate/Pipeline/Pipeline.php(180): Illuminate/Foundation/Http/Kernel->Illuminate/Foundation/Http/{closure}(Object(Illuminate/Http/Request))
#67 C:/Users/officialum1 llc/Downloads/codecanyon-stackposts-social-marketing-tool-v10.0.0-untouched/vendor/livewire/livewire/src/Features/SupportDisablingBackButtonCache/DisableBackButtonCacheMiddleware.php(19): Illuminate/Pipeline/Pipeline->Illuminate/Pipeline/{closure}(Object(Illuminate/Http/Request))
#68 C:/Users/officialum1 llc/Downloads/codecanyon-stackposts-social-marketing-tool-v10.0.0-untouched/vendor/laravel/framework/src/Illuminate/Pipeline/Pipeline.php(219): Livewire/Features/SupportDisablingBackButtonCache/DisableBackButtonCacheMiddleware->handle(Object(Illuminate/Http/Request), Object(Closure))
#69 C:/Users/officialum1 llc/Downloads/codecanyon-stackposts-social-marketing-tool-v10.0.0-untouched/vendor/laravel/framework/src/Illuminate/Foundation/Http/Middleware/TransformsRequest.php(21): Illuminate/Pipeline/Pipeline->Illuminate/Pipeline/{closure}(Object(Illuminate/Http/Request))
#70 C:/Users/officialum1 llc/Downloads/codecanyon-stackposts-social-marketing-tool-v10.0.0-untouched/vendor/laravel/framework/src/Illuminate/Foundation/Http/Middleware/ConvertEmptyStringsToNull.php(31): Illuminate/Foundation/Http/Middleware/TransformsRequest->handle(Object(Illuminate/Http/Request), Object(Closure))
#71 C:/Users/officialum1 llc/Downloads/codecanyon-stackposts-social-marketing-tool-v10.0.0-untouched/vendor/laravel/framework/src/Illuminate/Pipeline/Pipeline.php(219): Illuminate/Foundation/Http/Middleware/ConvertEmptyStringsToNull->handle(Object(Illuminate/Http/Request), Object(Closure))
#72 C:/Users/officialum1 llc/Downloads/codecanyon-stackposts-social-marketing-tool-v10.0.0-untouched/vendor/laravel/framework/src/Illuminate/Foundation/Http/Middleware/TransformsRequest.php(21): Illuminate/Pipeline/Pipeline->Illuminate/Pipeline/{closure}(Object(Illuminate/Http/Request))
#73 C:/Users/officialum1 llc/Downloads/codecanyon-stackposts-social-marketing-tool-v10.0.0-untouched/vendor/laravel/framework/src/Illuminate/Foundation/Http/Middleware/TrimStrings.php(51): Illuminate/Foundation/Http/Middleware/TransformsRequest->handle(Object(Illuminate/Http/Request), Object(Closure))
#74 C:/Users/officialum1 llc/Downloads/codecanyon-stackposts-social-marketing-tool-v10.0.0-untouched/vendor/laravel/framework/src/Illuminate/Pipeline/Pipeline.php(219): Illuminate/Foundation/Http/Middleware/TrimStrings->handle(Object(Illuminate/Http/Request), Object(Closure))
#75 C:/Users/officialum1 llc/Downloads/codecanyon-stackposts-social-marketing-tool-v10.0.0-untouched/vendor/laravel/framework/src/Illuminate/Http/Middleware/ValidatePostSize.php(27): Illuminate/Pipeline/Pipeline->Illuminate/Pipeline/{closure}(Object(Illuminate/Http/Request))
#76 C:/Users/officialum1 llc/Downloads/codecanyon-stackposts-social-marketing-tool-v10.0.0-untouched/vendor/laravel/framework/src/Illuminate/Pipeline/Pipeline.php(219): Illuminate/Http/Middleware/ValidatePostSize->handle(Object(Illuminate/Http/Request), Object(Closure))
#77 C:/Users/officialum1 llc/Downloads/codecanyon-stackposts-social-marketing-tool-v10.0.0-untouched/vendor/laravel/framework/src/Illuminate/Foundation/Http/Middleware/PreventRequestsDuringMaintenance.php(109): Illuminate/Pipeline/Pipeline->Illuminate/Pipeline/{closure}(Object(Illuminate/Http/Request))
#78 C:/Users/officialum1 llc/Downloads/codecanyon-stackposts-social-marketing-tool-v10.0.0-untouched/vendor/laravel/framework/src/Illuminate/Pipeline/Pipeline.php(219): Illuminate/Foundation/Http/Middleware/PreventRequestsDuringMaintenance->handle(Object(Illuminate/Http/Request), Object(Closure))
#79 C:/Users/officialum1 llc/Downloads/codecanyon-stackposts-social-marketing-tool-v10.0.0-untouched/vendor/laravel/framework/src/Illuminate/Http/Middleware/HandleCors.php(61): Illuminate/Pipeline/Pipeline->Illuminate/Pipeline/{closure}(Object(Illuminate/Http/Request))
#80 C:/Users/officialum1 llc/Downloads/codecanyon-stackposts-social-marketing-tool-v10.0.0-untouched/vendor/laravel/framework/src/Illuminate/Pipeline/Pipeline.php(219): Illuminate/Http/Middleware/HandleCors->handle(Object(Illuminate/Http/Request), Object(Closure))
#81 C:/Users/officialum1 llc/Downloads/codecanyon-stackposts-social-marketing-tool-v10.0.0-untouched/vendor/laravel/framework/src/Illuminate/Http/Middleware/TrustProxies.php(58): Illuminate/Pipeline/Pipeline->Illuminate/Pipeline/{closure}(Object(Illuminate/Http/Request))
#82 C:/Users/officialum1 llc/Downloads/codecanyon-stackposts-social-marketing-tool-v10.0.0-untouched/vendor/laravel/framework/src/Illuminate/Pipeline/Pipeline.php(219): Illuminate/Http/Middleware/TrustProxies->handle(Object(Illuminate/Http/Request), Object(Closure))
#83 C:/Users/officialum1 llc/Downloads/codecanyon-stackposts-social-marketing-tool-v10.0.0-untouched/vendor/laravel/framework/src/Illuminate/Foundation/Http/Middleware/InvokeDeferredCallbacks.php(22): Illuminate/Pipeline/Pipeline->Illuminate/Pipeline/{closure}(Object(Illuminate/Http/Request))
#84 C:/Users/officialum1 llc/Downloads/codecanyon-stackposts-social-marketing-tool-v10.0.0-untouched/vendor/laravel/framework/src/Illuminate/Pipeline/Pipeline.php(219): Illuminate/Foundation/Http/Middleware/InvokeDeferredCallbacks->handle(Object(Illuminate/Http/Request), Object(Closure))
#85 C:/Users/officialum1 llc/Downloads/codecanyon-stackposts-social-marketing-tool-v10.0.0-untouched/vendor/laravel/framework/src/Illuminate/Http/Middleware/ValidatePathEncoding.php(28): Illuminate/Pipeline/Pipeline->Illuminate/Pipeline/{closure}(Object(Illuminate/Http/Request))
#86 C:/Users/officialum1 llc/Downloads/codecanyon-stackposts-social-marketing-tool-v10.0.0-untouched/vendor/laravel/framework/src/Illuminate/Pipeline/Pipeline.php(219): Illuminate/Http/Middleware/ValidatePathEncoding->handle(Object(Illuminate/Http/Request), Object(Closure))
#87 C:/Users/officialum1 llc/Downloads/codecanyon-stackposts-social-marketing-tool-v10.0.0-untouched/vendor/laravel/framework/src/Illuminate/Pipeline/Pipeline.php(137): Illuminate/Pipeline/Pipeline->Illuminate/Pipeline/{closure}(Object(Illuminate/Http/Request))
#88 C:/Users/officialum1 llc/Downloads/codecanyon-stackposts-social-marketing-tool-v10.0.0-untouched/vendor/laravel/framework/src/Illuminate/Foundation/Http/Kernel.php(175): Illuminate/Pipeline/Pipeline->then(Object(Closure))
#89 C:/Users/officialum1 llc/Downloads/codecanyon-stackposts-social-marketing-tool-v10.0.0-untouched/vendor/laravel/framework/src/Illuminate/Foundation/Http/Kernel.php(144): Illuminate/Foundation/Http/Kernel->sendRequestThroughRouter(Object(Illuminate/Http/Request))
#90 C:/Users/officialum1 llc/Downloads/codecanyon-stackposts-social-marketing-tool-v10.0.0-untouched/vendor/laravel/framework/src/Illuminate/Foundation/Application.php(1220): Illuminate/Foundation/Http/Kernel->handle(Object(Illuminate/Http/Request))
#91 C:/Users/officialum1 llc/Downloads/codecanyon-stackposts-social-marketing-tool-v10.0.0-untouched/public/index.php(20): Illuminate/Foundation/Application->handleRequest(Object(Illuminate/Http/Request))
#92 C:/Users/officialum1 llc/Downloads/codecanyon-stackposts-social-marketing-tool-v10.0.0-untouched/router.php(14): require_once('C://Users//offici...')
#93 {main}
"} 
[2026-05-27 14:01:09] production.ERROR: Maximum execution time of 30 seconds exceeded {"userId":1,"exception":"[object] (Symfony\\Component\\ErrorHandler\\Error\\FatalError(code: 0): Maximum execution time of 30 seconds exceeded at C:/Users/officialum1 llc/Downloads/codecanyon-stackposts-social-marketing-tool-v10.0.0-untouched/storage/framework/views/c6c5784a9890e95f1cc1c10363f2e193.php:1)
[stacktrace]
#0 {main}
"} 
[2026-05-27 14:02:33] production.ERROR: Maximum execution time of 30 seconds exceeded {"userId":1,"exception":"[object] (Symfony\\Component\\ErrorHandler\\Error\\FatalError(code: 0): Maximum execution time of 30 seconds exceeded at C:/Users/officialum1 llc/Downloads/codecanyon-stackposts-social-marketing-tool-v10.0.0-untouched/storage/framework/views/f655d163ca162cda02de60e9f316c784.php:2)
[stacktrace]
#0 {main}
"} 
